DATE,ELEVATION,HLY-DEWP-NORMAL,HLY-PRES-NORMAL,HLY-TEMP-NORMAL,LATITUDE,LONGITUDE,STATION,STATION_NAME
2010-01-01 00:00:00,645.3,289,10205,349,35.43194,-82.5375,GHCND:USW00003812,ASHEVILLE REGIONAL AIRPORT NC US
2010-01-01 01:00:00,645.3,287,10202,344,35.43194,-82.5375,GHCND:USW00003812,ASHEVILLE REGIONAL AIRPORT NC US
2010-01-01 02:00:00,645.3,284,10200,339,35.43194,-82.5375,GHCND:USW00003812,ASHEVILLE REGIONAL AIRPORT NC US
2010-01-01 03:00:00,645.3,283,10202,334,35.43194,-82.5375,GHCND:USW00003812,ASHEVILLE REGIONAL AIRPORT NC US
2010-01-01 04:00:00,645.3,280,10202,331,35.43194,-82.5375,GHCND:USW00003812,ASHEVILLE REGIONAL AIRPORT NC US
2010-01-01 05:00:00,645.3,279,10200,327,35.43194,-82.5375,GHCND:USW00003812,ASHEVILLE REGIONAL AIRPORT NC US
2010-01-01 06:00:00,645.3,277,10203,325,35.43194,-82.5375,GHCND:USW00003812,ASHEVILLE REGIONAL AIRPORT NC US
2010-01-01 07:00:00,645.3,276,10208,323,35.43194,-82.5375,GHCND:USW00003812,ASHEVILLE REGIONAL AIRPORT NC US
2010-01-01 08:00:00,645.3,274,10213,321,35.43194,-82.5375,GHCND:USW00003812,ASHEVILLE REGIONAL AIRPORT NC US
2010-01-01 09:00:00,645.3,282,10217,338,35.43194,-82.5375,GHCND:USW00003812,ASHEVILLE REGIONAL AIRPORT NC US
2010-01-01 10:00:00,645.3,289,10221,364,35.43194,-82.5375,GHCND:USW00003812,ASHEVILLE REGIONAL AIRPORT NC US
2010-01-01 11:00:00,645.3,293,10220,394,35.43194,-82.5375,GHCND:USW00003812,ASHEVILLE REGIONAL AIRPORT NC US
2010-01-01 12:00:00,645.3,292,10211,421,35.43194,-82.5375,GHCND:USW00003812,ASHEVILLE REGIONAL AIRPORT NC US
2010-01-01 13:00:00,645.3,291,10200,442,35.43194,-82.5375,GHCND:USW00003812,ASHEVILLE REGIONAL AIRPORT NC US
2010-01-01 14:00:00,645.3,289,10193,456,35.43194,-82.5375,GHCND:USW00003812,ASHEVILLE REGIONAL AIRPORT NC US
2010-01-01 15:00:00,645.3,285,10190,462,35.43194,-82.5375,GHCND:USW00003812,ASHEVILLE REGIONAL AIRPORT NC US
2010-01-01 16:00:00,645.3,285,10192,458,35.43194,-82.5375,GHCND:USW00003812,ASHEVILLE REGIONAL AIRPORT NC US
2010-01-01 17:00:00,645.3,286,10196,441,35.43194,-82.5375,GHCND:USW00003812,ASHEVILLE REGIONAL AIRPORT NC US
2010-01-01 18:00:00,645.3,285,10201,412,35.43194,-82.5375,GHCND:USW00003812,ASHEVILLE REGIONAL AIRPORT NC US
2010-01-01 19:00:00,645.3,288,10206,396,35.43194,-82.5375,GHCND:USW00003812,ASHEVILLE REGIONAL AIRPORT NC US
2010-01-01 20:00:00,645.3,290,10209,382,35.43194,-82.5375,GHCND:USW00003812,ASHEVILLE REGIONAL AIRPORT NC US
2010-01-01 21:00:00,645.3,290,10211,372,35.43194,-82.5375,GHCND:USW00003812,ASHEVILLE REGIONAL AIRPORT NC US
2010-01-01 22:00:00,645.3,290,10210,363,35.43194,-82.5375,GHCND:USW00003812,ASHEVILLE REGIONAL AIRPORT NC US
2010-01-01 23:00:00,645.3,290,10209,355,35.43194,-82.5375,GHCND:USW00003812,ASHEVILLE REGIONAL AIRPORT NC US
2010-01-02 00:00:00,645.3,288,10206,349,35.43194,-82.5375,GHCND:USW00003812,ASHEVILLE REGIONAL AIRPORT NC US
2010-01-02 01:00:00,645.3,287,10202,344,35.43194,-82.5375,GHCND:USW00003812,ASHEVILLE REGIONAL AIRPORT NC US
2010-01-02 02:00:00,645.3,284,10201,339,35.43194,-82.5375,GHCND:USW00003812,ASHEVILLE REGIONAL AIRPORT NC US
2010-01-02 03:00:00,645.3,283,10202,335,35.43194,-82.5375,GHCND:USW00003812,ASHEVILLE REGIONAL AIRPORT NC US
2010-01-02 04:00:00,645.3,280,10202,331,35.43194,-82.5375,GHCND:USW00003812,ASHEVILLE REGIONAL AIRPORT NC US
2010-01-02 05:00:00,645.3,279,10200,327,35.43194,-82.5375,GHCND:USW00003812,ASHEVILLE REGIONAL AIRPORT NC US
2010-01-02 06:00:00,645.3,277,10204,325,35.43194,-82.5375,GHCND:USW00003812,ASHEVILLE REGIONAL AIRPORT NC US
2010-01-02 07:00:00,645.3,276,10208,323,35.43194,-82.5375,GHCND:USW00003812,ASHEVILLE REGIONAL AIRPORT NC US
2010-01-02 08:00:00,645.3,275,10213,321,35.43194,-82.5375,GHCND:USW00003812,ASHEVILLE REGIONAL AIRPORT NC US
2010-01-02 09:00:00,645.3,283,10217,338,35.43194,-82.5375,GHCND:USW00003812,ASHEVILLE REGIONAL AIRPORT NC US
2010-01-02 10:00:00,645.3,291,10220,366,35.43194,-82.5375,GHCND:USW00003812,ASHEVILLE REGIONAL AIRPORT NC US
2010-01-02 11:00:00,645.3,295,10219,396,35.43194,-82.5375,GHCND:USW00003812,ASHEVILLE REGIONAL AIRPORT NC US
2010-01-02 12:00:00,645.3,295,10211,424,35.43194,-82.5375,GHCND:USW00003812,ASHEVILLE REGIONAL AIRPORT NC US
2010-01-02 13:00:00,645.3,294,10200,445,35.43194,-82.5375,GHCND:USW00003812,ASHEVILLE REGIONAL AIRPORT NC US
2010-01-02 14:00:00,645.3,291,10193,460,35.43194,-82.5375,GHCND:USW00003812,ASHEVILLE REGIONAL AIRPORT NC US
2010-01-02 15:00:00,645.3,288,10190,465,35.43194,-82.5375,GHCND:USW00003812,ASHEVILLE REGIONAL AIRPORT NC US
2010-01-02 16:00:00,645.3,288,10192,461,35.43194,-82.5375,GHCND:USW00003812,ASHEVILLE REGIONAL AIRPORT NC US
2010-01-02 17:00:00,645.3,287,10196,444,35.43194,-82.5375,GHCND:USW00003812,ASHEVILLE REGIONAL AIRPORT NC US
2010-01-02 18:00:00,645.3,287,10201,415,35.43194,-82.5375,GHCND:USW00003812,ASHEVILLE REGIONAL AIRPORT NC US
2010-01-02 19:00:00,645.3,291,10206,398,35.43194,-82.5375,GHCND:USW00003812,ASHEVILLE REGIONAL AIRPORT NC US
2010-01-02 20:00:00,645.3,292,10209,385,35.43194,-82.5375,GHCND:USW00003812,ASHEVILLE REGIONAL AIRPORT NC US
2010-01-02 21:00:00,645.3,292,10210,374,35.43194,-82.5375,GHCND:USW00003812,ASHEVILLE REGIONAL AIRPORT NC US
2010-01-02 22:00:00,645.3,292,10209,365,35.43194,-82.5375,GHCND:USW00003812,ASHEVILLE REGIONAL AIRPORT NC US
2010-01-02 23:00:00,645.3,291,10209,358,35.43194,-82.5375,GHCND:USW00003812,ASHEVILLE REGIONAL AIRPORT NC US
2010-01-03 00:00:00,645.3,289,10205,351,35.43194,-82.5375,GHCND:USW00003812,ASHEVILLE REGIONAL AIRPORT NC US
2010-01-03 01:00:00,645.3,288,10202,346,35.43194,-82.5375,GHCND:USW00003812,ASHEVILLE REGIONAL AIRPORT NC US
2010-01-03 02:00:00,645.3,285,10200,341,35.43194,-82.5375,GHCND:USW00003812,ASHEVILLE REGIONAL AIRPORT NC US
2010-01-03 03:00:00,645.3,284,10201,337,35.43194,-82.5375,GHCND:USW00003812,ASHEVILLE REGIONAL AIRPORT NC US
2010-01-03 04:00:00,645.3,282,10202,333,35.43194,-82.5375,GHCND:USW00003812,ASHEVILLE REGIONAL AIRPORT NC US
2010-01-03 05:00:00,645.3,281,10200,329,35.43194,-82.5375,GHCND:USW00003812,ASHEVILLE REGIONAL AIRPORT NC US
2010-01-03 06:00:00,645.3,279,10203,327,35.43194,-82.5375,GHCND:USW00003812,ASHEVILLE REGIONAL AIRPORT NC US
2010-01-03 07:00:00,645.3,278,10208,325,35.43194,-82.5375,GHCND:USW00003812,ASHEVILLE REGIONAL AIRPORT NC US
2010-01-03 08:00:00,645.3,277,10212,323,35.43194,-82.5375,GHCND:USW00003812,ASHEVILLE REGIONAL AIRPORT NC US
2010-01-03 09:00:00,645.3,285,10216,340,35.43194,-82.5375,GHCND:USW00003812,ASHEVILLE REGIONAL AIRPORT NC US
2010-01-03 10:00:00,645.3,292,10220,367,35.43194,-82.5375,GHCND:USW00003812,ASHEVILLE REGIONAL AIRPORT NC US
2010-01-03 11:00:00,645.3,296,10219,397,35.43194,-82.5375,GHCND:USW00003812,ASHEVILLE REGIONAL AIRPORT NC US
2010-01-03 12:00:00,645.3,297,10210,425,35.43194,-82.5375,GHCND:USW00003812,ASHEVILLE REGIONAL AIRPORT NC US
2010-01-03 13:00:00,645.3,295,10199,445,35.43194,-82.5375,GHCND:USW00003812,ASHEVILLE REGIONAL AIRPORT NC US
2010-01-03 14:00:00,645.3,292,10192,459,35.43194,-82.5375,GHCND:USW00003812,ASHEVILLE REGIONAL AIRPORT NC US
2010-01-03 15:00:00,645.3,289,10190,465,35.43194,-82.5375,GHCND:USW00003812,ASHEVILLE REGIONAL AIRPORT NC US
2010-01-03 16:00:00,645.3,289,10192,460,35.43194,-82.5375,GHCND:USW00003812,ASHEVILLE REGIONAL AIRPORT NC US
2010-01-03 17:00:00,645.3,289,10196,443,35.43194,-82.5375,GHCND:USW00003812,ASHEVILLE REGIONAL AIRPORT NC US
2010-01-03 18:00:00,645.3,288,10200,415,35.43194,-82.5375,GHCND:USW00003812,ASHEVILLE REGIONAL AIRPORT NC US
2010-01-03 19:00:00,645.3,292,10205,398,35.43194,-82.5375,GHCND:USW00003812,ASHEVILLE REGIONAL AIRPORT NC US
2010-01-03 20:00:00,645.3,293,10208,385,35.43194,-82.5375,GHCND:USW00003812,ASHEVILLE REGIONAL AIRPORT NC US
2010-01-03 21:00:00,645.3,293,10209,374,35.43194,-82.5375,GHCND:USW00003812,ASHEVILLE REGIONAL AIRPORT NC US
2010-01-03 22:00:00,645.3,293,10209,365,35.43194,-82.5375,GHCND:USW00003812,ASHEVILLE REGIONAL AIRPORT NC US
2010-01-03 23:00:00,645.3,292,10208,357,35.43194,-82.5375,GHCND:USW00003812,ASHEVILLE REGIONAL AIRPORT NC US
2010-01-04 00:00:00,645.3,290,10204,350,35.43194,-82.5375,GHCND:USW00003812,ASHEVILLE REGIONAL AIRPORT NC US
2010-01-04 01:00:00,645.3,287,10201,345,35.43194,-82.5375,GHCND:USW00003812,ASHEVILLE REGIONAL AIRPORT NC US
2010-01-04 02:00:00,645.3,285,10199,340,35.43194,-82.5375,GHCND:USW00003812,ASHEVILLE REGIONAL AIRPORT NC US
2010-01-04 03:00:00,645.3,283,10200,336,35.43194,-82.5375,GHCND:USW00003812,ASHEVILLE REGIONAL AIRPORT NC US
2010-01-04 04:00:00,645.3,281,10201,331,35.43194,-82.5375,GHCND:USW00003812,ASHEVILLE REGIONAL AIRPORT NC US
2010-01-04 05:00:00,645.3,280,10199,328,35.43194,-82.5375,GHCND:USW00003812,ASHEVILLE REGIONAL AIRPORT NC US
2010-01-04 06:00:00,645.3,278,10202,325,35.43194,-82.5375,GHCND:USW00003812,ASHEVILLE REGIONAL AIRPORT NC US
2010-01-04 07:00:00,645.3,277,10206,324,35.43194,-82.5375,GHCND:USW00003812,ASHEVILLE REGIONAL AIRPORT NC US
2010-01-04 08:00:00,645.3,276,10211,322,35.43194,-82.5375,GHCND:USW00003812,ASHEVILLE REGIONAL AIRPORT NC US
2010-01-04 09:00:00,645.3,284,10215,338,35.43194,-82.5375,GHCND:USW00003812,ASHEVILLE REGIONAL AIRPORT NC US
2010-01-04 10:00:00,645.3,290,10219,366,35.43194,-82.5375,GHCND:USW00003812,ASHEVILLE REGIONAL AIRPORT NC US
2010-01-04 11:00:00,645.3,294,10218,396,35.43194,-82.5375,GHCND:USW00003812,ASHEVILLE REGIONAL AIRPORT NC US
2010-01-04 12:00:00,645.3,294,10210,423,35.43194,-82.5375,GHCND:USW00003812,ASHEVILLE REGIONAL AIRPORT NC US
2010-01-04 13:00:00,645.3,292,10198,443,35.43194,-82.5375,GHCND:USW00003812,ASHEVILLE REGIONAL AIRPORT NC US
2010-01-04 14:00:00,645.3,289,10192,456,35.43194,-82.5375,GHCND:USW00003812,ASHEVILLE REGIONAL AIRPORT NC US
2010-01-04 15:00:00,645.3,287,10189,462,35.43194,-82.5375,GHCND:USW00003812,ASHEVILLE REGIONAL AIRPORT NC US
2010-01-04 16:00:00,645.3,286,10191,457,35.43194,-82.5375,GHCND:USW00003812,ASHEVILLE REGIONAL AIRPORT NC US
2010-01-04 17:00:00,645.3,287,10195,441,35.43194,-82.5375,GHCND:USW00003812,ASHEVILLE REGIONAL AIRPORT NC US
2010-01-04 18:00:00,645.3,286,10199,413,35.43194,-82.5375,GHCND:USW00003812,ASHEVILLE REGIONAL AIRPORT NC US
2010-01-04 19:00:00,645.3,289,10204,395,35.43194,-82.5375,GHCND:USW00003812,ASHEVILLE REGIONAL AIRPORT NC US
2010-01-04 20:00:00,645.3,290,10207,383,35.43194,-82.5375,GHCND:USW00003812,ASHEVILLE REGIONAL AIRPORT NC US
2010-01-04 21:00:00,645.3,290,10209,372,35.43194,-82.5375,GHCND:USW00003812,ASHEVILLE REGIONAL AIRPORT NC US
2010-01-04 22:00:00,645.3,290,10208,364,35.43194,-82.5375,GHCND:USW00003812,ASHEVILLE REGIONAL AIRPORT NC US
2010-01-04 23:00:00,645.3,289,10207,356,35.43194,-82.5375,GHCND:USW00003812,ASHEVILLE REGIONAL AIRPORT NC US
2010-01-05 00:00:00,645.3,287,10204,348,35.43194,-82.5375,GHCND:USW00003812,ASHEVILLE REGIONAL AIRPORT NC US
2010-01-05 01:00:00,645.3,284,10200,342,35.43194,-82.5375,GHCND:USW00003812,ASHEVILLE REGIONAL AIRPORT NC US
2010-01-05 02:00:00,645.3,281,10199,337,35.43194,-82.5375,GHCND:USW00003812,ASHEVILLE REGIONAL AIRPORT NC US
2010-01-05 03:00:00,645.3,279,10200,332,35.43194,-82.5375,GHCND:USW00003812,ASHEVILLE REGIONAL AIRPORT NC US
2010-01-05 04:00:00,645.3,277,10200,328,35.43194,-82.5375,GHCND:USW00003812,ASHEVILLE REGIONAL AIRPORT NC US
2010-01-05 05:00:00,645.3,275,10199,324,35.43194,-82.5375,GHCND:USW00003812,ASHEVILLE REGIONAL AIRPORT NC US
2010-01-05 06:00:00,645.3,274,10202,322,35.43194,-82.5375,GHCND:USW00003812,ASHEVILLE REGIONAL AIRPORT NC US
2010-01-05 07:00:00,645.3,273,10206,320,35.43194,-82.5375,GHCND:USW00003812,ASHEVILLE REGIONAL AIRPORT NC US
2010-01-05 08:00:00,645.3,272,10211,318,35.43194,-82.5375,GHCND:USW00003812,ASHEVILLE REGIONAL AIRPORT NC US
2010-01-05 09:00:00,645.3,280,10215,335,35.43194,-82.5375,GHCND:USW00003812,ASHEVILLE REGIONAL AIRPORT NC US
2010-01-05 10:00:00,645.3,287,10219,363,35.43194,-82.5375,GHCND:USW00003812,ASHEVILLE REGIONAL AIRPORT NC US
2010-01-05 11:00:00,645.3,290,10218,393,35.43194,-82.5375,GHCND:USW00003812,ASHEVILLE REGIONAL AIRPORT NC US
2010-01-05 12:00:00,645.3,291,10210,421,35.43194,-82.5375,GHCND:USW00003812,ASHEVILLE REGIONAL AIRPORT NC US
2010-01-05 13:00:00,645.3,289,10199,441,35.43194,-82.5375,GHCND:USW00003812,ASHEVILLE REGIONAL AIRPORT NC US
2010-01-05 14:00:00,645.3,286,10192,455,35.43194,-82.5375,GHCND:USW00003812,ASHEVILLE REGIONAL AIRPORT NC US
2010-01-05 15:00:00,645.3,283,10189,460,35.43194,-82.5375,GHCND:USW00003812,ASHEVILLE REGIONAL AIRPORT NC US
2010-01-05 16:00:00,645.3,283,10192,456,35.43194,-82.5375,GHCND:USW00003812,ASHEVILLE REGIONAL AIRPORT NC US
2010-01-05 17:00:00,645.3,284,10196,439,35.43194,-82.5375,GHCND:USW00003812,ASHEVILLE REGIONAL AIRPORT NC US
2010-01-05 18:00:00,645.3,283,10200,411,35.43194,-82.5375,GHCND:USW00003812,ASHEVILLE REGIONAL AIRPORT NC US
2010-01-05 19:00:00,645.3,287,10205,394,35.43194,-82.5375,GHCND:USW00003812,ASHEVILLE REGIONAL AIRPORT NC US
2010-01-05 20:00:00,645.3,288,10208,382,35.43194,-82.5375,GHCND:USW00003812,ASHEVILLE REGIONAL AIRPORT NC US
2010-01-05 21:00:00,645.3,288,10209,371,35.43194,-82.5375,GHCND:USW00003812,ASHEVILLE REGIONAL AIRPORT NC US
2010-01-05 22:00:00,645.3,288,10209,363,35.43194,-82.5375,GHCND:USW00003812,ASHEVILLE REGIONAL AIRPORT NC US
2010-01-05 23:00:00,645.3,287,10208,355,35.43194,-82.5375,GHCND:USW00003812,ASHEVILLE REGIONAL AIRPORT NC US
2010-01-06 00:00:00,645.3,285,10204,348,35.43194,-82.5375,GHCND:USW00003812,ASHEVILLE REGIONAL AIRPORT NC US
2010-01-06 01:00:00,645.3,282,10201,342,35.43194,-82.5375,GHCND:USW00003812,ASHEVILLE REGIONAL AIRPORT NC US
2010-01-06 02:00:00,645.3,280,10199,337,35.43194,-82.5375,GHCND:USW00003812,ASHEVILLE REGIONAL AIRPORT NC US
2010-01-06 03:00:00,645.3,278,10200,332,35.43194,-82.5375,GHCND:USW00003812,ASHEVILLE REGIONAL AIRPORT NC US
2010-01-06 04:00:00,645.3,276,10201,328,35.43194,-82.5375,GHCND:USW00003812,ASHEVILLE REGIONAL AIRPORT NC US
2010-01-06 05:00:00,645.3,275,10199,325,35.43194,-82.5375,GHCND:USW00003812,ASHEVILLE REGIONAL AIRPORT NC US
2010-01-06 06:00:00,645.3,274,10202,322,35.43194,-82.5375,GHCND:USW00003812,ASHEVILLE REGIONAL AIRPORT NC US
2010-01-06 07:00:00,645.3,273,10206,321,35.43194,-82.5375,GHCND:USW00003812,ASHEVILLE REGIONAL AIRPORT NC US
2010-01-06 08:00:00,645.3,272,10211,318,35.43194,-82.5375,GHCND:USW00003812,ASHEVILLE REGIONAL AIRPORT NC US
2010-01-06 09:00:00,645.3,280,10216,335,35.43194,-82.5375,GHCND:USW00003812,ASHEVILLE REGIONAL AIRPORT NC US
2010-01-06 10:00:00,645.3,286,10219,363,35.43194,-82.5375,GHCND:USW00003812,ASHEVILLE REGIONAL AIRPORT NC US
2010-01-06 11:00:00,645.3,289,10219,393,35.43194,-82.5375,GHCND:USW00003812,ASHEVILLE REGIONAL AIRPORT NC US
2010-01-06 12:00:00,645.3,289,10210,420,35.43194,-82.5375,GHCND:USW00003812,ASHEVILLE REGIONAL AIRPORT NC US
2010-01-06 13:00:00,645.3,286,10199,440,35.43194,-82.5375,GHCND:USW00003812,ASHEVILLE REGIONAL AIRPORT NC US
2010-01-06 14:00:00,645.3,283,10192,453,35.43194,-82.5375,GHCND:USW00003812,ASHEVILLE REGIONAL AIRPORT NC US
2010-01-06 15:00:00,645.3,280,10189,459,35.43194,-82.5375,GHCND:USW00003812,ASHEVILLE REGIONAL AIRPORT NC US
2010-01-06 16:00:00,645.3,281,10191,455,35.43194,-82.5375,GHCND:USW00003812,ASHEVILLE REGIONAL AIRPORT NC US
2010-01-06 17:00:00,645.3,282,10195,438,35.43194,-82.5375,GHCND:USW00003812,ASHEVILLE REGIONAL AIRPORT NC US
2010-01-06 18:00:00,645.3,281,10200,411,35.43194,-82.5375,GHCND:USW00003812,ASHEVILLE REGIONAL AIRPORT NC US
2010-01-06 19:00:00,645.3,285,10205,394,35.43194,-82.5375,GHCND:USW00003812,ASHEVILLE REGIONAL AIRPORT NC US
2010-01-06 20:00:00,645.3,287,10207,381,35.43194,-82.5375,GHCND:USW00003812,ASHEVILLE REGIONAL AIRPORT NC US
2010-01-06 21:00:00,645.3,287,10209,371,35.43194,-82.5375,GHCND:USW00003812,ASHEVILLE REGIONAL AIRPORT NC US
2010-01-06 22:00:00,645.3,286,10208,362,35.43194,-82.5375,GHCND:USW00003812,ASHEVILLE REGIONAL AIRPORT NC US
2010-01-06 23:00:00,645.3,286,10207,354,35.43194,-82.5375,GHCND:USW00003812,ASHEVILLE REGIONAL AIRPORT NC US
2010-01-07 00:00:00,645.3,284,10203,347,35.43194,-82.5375,GHCND:USW00003812,ASHEVILLE REGIONAL AIRPORT NC US
2010-01-07 01:00:00,645.3,282,10200,341,35.43194,-82.5375,GHCND:USW00003812,ASHEVILLE REGIONAL AIRPORT NC US
2010-01-07 02:00:00,645.3,279,10198,336,35.43194,-82.5375,GHCND:USW00003812,ASHEVILLE REGIONAL AIRPORT NC US
2010-01-07 03:00:00,645.3,277,10199,332,35.43194,-82.5375,GHCND:USW00003812,ASHEVILLE REGIONAL AIRPORT NC US
2010-01-07 04:00:00,645.3,276,10199,328,35.43194,-82.5375,GHCND:USW00003812,ASHEVILLE REGIONAL AIRPORT NC US
2010-01-07 05:00:00,645.3,274,10198,325,35.43194,-82.5375,GHCND:USW00003812,ASHEVILLE REGIONAL AIRPORT NC US
2010-01-07 06:00:00,645.3,274,10201,322,35.43194,-82.5375,GHCND:USW00003812,ASHEVILLE REGIONAL AIRPORT NC US
2010-01-07 07:00:00,645.3,274,10205,320,35.43194,-82.5375,GHCND:USW00003812,ASHEVILLE REGIONAL AIRPORT NC US
2010-01-07 08:00:00,645.3,272,10210,318,35.43194,-82.5375,GHCND:USW00003812,ASHEVILLE REGIONAL AIRPORT NC US
2010-01-07 09:00:00,645.3,280,10214,334,35.43194,-82.5375,GHCND:USW00003812,ASHEVILLE REGIONAL AIRPORT NC US
2010-01-07 10:00:00,645.3,286,10217,362,35.43194,-82.5375,GHCND:USW00003812,ASHEVILLE REGIONAL AIRPORT NC US
2010-01-07 11:00:00,645.3,290,10216,392,35.43194,-82.5375,GHCND:USW00003812,ASHEVILLE REGIONAL AIRPORT NC US
2010-01-07 12:00:00,645.3,290,10208,419,35.43194,-82.5375,GHCND:USW00003812,ASHEVILLE REGIONAL AIRPORT NC US
2010-01-07 13:00:00,645.3,287,10197,440,35.43194,-82.5375,GHCND:USW00003812,ASHEVILLE REGIONAL AIRPORT NC US
2010-01-07 14:00:00,645.3,283,10190,453,35.43194,-82.5375,GHCND:USW00003812,ASHEVILLE REGIONAL AIRPORT NC US
2010-01-07 15:00:00,645.3,281,10187,459,35.43194,-82.5375,GHCND:USW00003812,ASHEVILLE REGIONAL AIRPORT NC US
2010-01-07 16:00:00,645.3,281,10189,454,35.43194,-82.5375,GHCND:USW00003812,ASHEVILLE REGIONAL AIRPORT NC US
2010-01-07 17:00:00,645.3,281,10193,438,35.43194,-82.5375,GHCND:USW00003812,ASHEVILLE REGIONAL AIRPORT NC US
2010-01-07 18:00:00,645.3,281,10198,410,35.43194,-82.5375,GHCND:USW00003812,ASHEVILLE REGIONAL AIRPORT NC US
2010-01-07 19:00:00,645.3,284,10203,393,35.43194,-82.5375,GHCND:USW00003812,ASHEVILLE REGIONAL AIRPORT NC US
2010-01-07 20:00:00,645.3,285,10205,380,35.43194,-82.5375,GHCND:USW00003812,ASHEVILLE REGIONAL AIRPORT NC US
2010-01-07 21:00:00,645.3,286,10207,370,35.43194,-82.5375,GHCND:USW00003812,ASHEVILLE REGIONAL AIRPORT NC US
2010-01-07 22:00:00,645.3,286,10206,361,35.43194,-82.5375,GHCND:USW00003812,ASHEVILLE REGIONAL AIRPORT NC US
2010-01-07 23:00:00,645.3,285,10205,353,35.43194,-82.5375,GHCND:USW00003812,ASHEVILLE REGIONAL AIRPORT NC US
2010-01-08 00:00:00,645.3,282,10202,346,35.43194,-82.5375,GHCND:USW00003812,ASHEVILLE REGIONAL AIRPORT NC US
2010-01-08 01:00:00,645.3,280,10198,340,35.43194,-82.5375,GHCND:USW00003812,ASHEVILLE REGIONAL AIRPORT NC US
2010-01-08 02:00:00,645.3,278,10196,334,35.43194,-82.5375,GHCND:USW00003812,ASHEVILLE REGIONAL AIRPORT NC US
2010-01-08 03:00:00,645.3,276,10197,330,35.43194,-82.5375,GHCND:USW00003812,ASHEVILLE REGIONAL AIRPORT NC US
2010-01-08 04:00:00,645.3,275,10198,326,35.43194,-82.5375,GHCND:USW00003812,ASHEVILLE REGIONAL AIRPORT NC US
2010-01-08 05:00:00,645.3,273,10196,322,35.43194,-82.5375,GHCND:USW00003812,ASHEVILLE REGIONAL AIRPORT NC US
2010-01-08 06:00:00,645.3,272,10199,320,35.43194,-82.5375,GHCND:USW00003812,ASHEVILLE REGIONAL AIRPORT NC US
2010-01-08 07:00:00,645.3,271,10203,317,35.43194,-82.5375,GHCND:USW00003812,ASHEVILLE REGIONAL AIRPORT NC US
2010-01-08 08:00:00,645.3,269,10209,315,35.43194,-82.5375,GHCND:USW00003812,ASHEVILLE REGIONAL AIRPORT NC US
2010-01-08 09:00:00,645.3,276,10213,331,35.43194,-82.5375,GHCND:USW00003812,ASHEVILLE REGIONAL AIRPORT NC US
2010-01-08 10:00:00,645.3,283,10216,359,35.43194,-82.5375,GHCND:USW00003812,ASHEVILLE REGIONAL AIRPORT NC US
2010-01-08 11:00:00,645.3,285,10216,390,35.43194,-82.5375,GHCND:USW00003812,ASHEVILLE REGIONAL AIRPORT NC US
2010-01-08 12:00:00,645.3,284,10208,416,35.43194,-82.5375,GHCND:USW00003812,ASHEVILLE REGIONAL AIRPORT NC US
2010-01-08 13:00:00,645.3,280,10196,437,35.43194,-82.5375,GHCND:USW00003812,ASHEVILLE REGIONAL AIRPORT NC US
2010-01-08 14:00:00,645.3,277,10189,451,35.43194,-82.5375,GHCND:USW00003812,ASHEVILLE REGIONAL AIRPORT NC US
2010-01-08 15:00:00,645.3,274,10187,457,35.43194,-82.5375,GHCND:USW00003812,ASHEVILLE REGIONAL AIRPORT NC US
2010-01-08 16:00:00,645.3,274,10188,452,35.43194,-82.5375,GHCND:USW00003812,ASHEVILLE REGIONAL AIRPORT NC US
2010-01-08 17:00:00,645.3,274,10193,436,35.43194,-82.5375,GHCND:USW00003812,ASHEVILLE REGIONAL AIRPORT NC US
2010-01-08 18:00:00,645.3,275,10197,408,35.43194,-82.5375,GHCND:USW00003812,ASHEVILLE REGIONAL AIRPORT NC US
2010-01-08 19:00:00,645.3,278,10202,390,35.43194,-82.5375,GHCND:USW00003812,ASHEVILLE REGIONAL AIRPORT NC US
2010-01-08 20:00:00,645.3,280,10205,377,35.43194,-82.5375,GHCND:USW00003812,ASHEVILLE REGIONAL AIRPORT NC US
2010-01-08 21:00:00,645.3,280,10206,367,35.43194,-82.5375,GHCND:USW00003812,ASHEVILLE REGIONAL AIRPORT NC US
2010-01-08 22:00:00,645.3,280,10206,357,35.43194,-82.5375,GHCND:USW00003812,ASHEVILLE REGIONAL AIRPORT NC US
2010-01-08 23:00:00,645.3,279,10205,349,35.43194,-82.5375,GHCND:USW00003812,ASHEVILLE REGIONAL AIRPORT NC US
2010-01-09 00:00:00,645.3,278,10201,343,35.43194,-82.5375,GHCND:USW00003812,ASHEVILLE REGIONAL AIRPORT NC US
2010-01-09 01:00:00,645.3,275,10198,336,35.43194,-82.5375,GHCND:USW00003812,ASHEVILLE REGIONAL AIRPORT NC US
2010-01-09 02:00:00,645.3,273,10196,331,35.43194,-82.5375,GHCND:USW00003812,ASHEVILLE REGIONAL AIRPORT NC US
2010-01-09 03:00:00,645.3,271,10197,326,35.43194,-82.5375,GHCND:USW00003812,ASHEVILLE REGIONAL AIRPORT NC US
2010-01-09 04:00:00,645.3,270,10197,322,35.43194,-82.5375,GHCND:USW00003812,ASHEVILLE REGIONAL AIRPORT NC US
2010-01-09 05:00:00,645.3,268,10196,319,35.43194,-82.5375,GHCND:USW00003812,ASHEVILLE REGIONAL AIRPORT NC US
2010-01-09 06:00:00,645.3,267,10199,316,35.43194,-82.5375,GHCND:USW00003812,ASHEVILLE REGIONAL AIRPORT NC US
2010-01-09 07:00:00,645.3,266,10203,313,35.43194,-82.5375,GHCND:USW00003812,ASHEVILLE REGIONAL AIRPORT NC US
2010-01-09 08:00:00,645.3,265,10209,311,35.43194,-82.5375,GHCND:USW00003812,ASHEVILLE REGIONAL AIRPORT NC US
2010-01-09 09:00:00,645.3,272,10212,328,35.43194,-82.5375,GHCND:USW00003812,ASHEVILLE REGIONAL AIRPORT NC US
2010-01-09 10:00:00,645.3,278,10216,356,35.43194,-82.5375,GHCND:USW00003812,ASHEVILLE REGIONAL AIRPORT NC US
2010-01-09 11:00:00,645.3,280,10216,386,35.43194,-82.5375,GHCND:USW00003812,ASHEVILLE REGIONAL AIRPORT NC US
2010-01-09 12:00:00,645.3,279,10208,413,35.43194,-82.5375,GHCND:USW00003812,ASHEVILLE REGIONAL AIRPORT NC US
2010-01-09 13:00:00,645.3,275,10196,434,35.43194,-82.5375,GHCND:USW00003812,ASHEVILLE REGIONAL AIRPORT NC US
2010-01-09 14:00:00,645.3,272,10189,448,35.43194,-82.5375,GHCND:USW00003812,ASHEVILLE REGIONAL AIRPORT NC US
2010-01-09 15:00:00,645.3,270,10186,454,35.43194,-82.5375,GHCND:USW00003812,ASHEVILLE REGIONAL AIRPORT NC US
2010-01-09 16:00:00,645.3,269,10188,450,35.43194,-82.5375,GHCND:USW00003812,ASHEVILLE REGIONAL AIRPORT NC US
2010-01-09 17:00:00,645.3,270,10192,433,35.43194,-82.5375,GHCND:USW00003812,ASHEVILLE REGIONAL AIRPORT NC US
2010-01-09 18:00:00,645.3,271,10197,405,35.43194,-82.5375,GHCND:USW00003812,ASHEVILLE REGIONAL AIRPORT NC US
2010-01-09 19:00:00,645.3,274,10202,387,35.43194,-82.5375,GHCND:USW00003812,ASHEVILLE REGIONAL AIRPORT NC US
2010-01-09 20:00:00,645.3,275,10204,375,35.43194,-82.5375,GHCND:USW00003812,ASHEVILLE REGIONAL AIRPORT NC US
2010-01-09 21:00:00,645.3,275,10206,364,35.43194,-82.5375,GHCND:USW00003812,ASHEVILLE REGIONAL AIRPORT NC US
2010-01-09 22:00:00,645.3,275,10205,354,35.43194,-82.5375,GHCND:USW00003812,ASHEVILLE REGIONAL AIRPORT NC US
2010-01-09 23:00:00,645.3,274,10205,346,35.43194,-82.5375,GHCND:USW00003812,ASHEVILLE REGIONAL AIRPORT NC US
2010-01-10 00:00:00,645.3,273,10201,340,35.43194,-82.5375,GHCND:USW00003812,ASHEVILLE REGIONAL AIRPORT NC US
2010-01-10 01:00:00,645.3,270,10198,333,35.43194,-82.5375,GHCND:USW00003812,ASHEVILLE REGIONAL AIRPORT NC US
2010-01-10 02:00:00,645.3,268,10196,328,35.43194,-82.5375,GHCND:USW00003812,ASHEVILLE REGIONAL AIRPORT NC US
2010-01-10 03:00:00,645.3,267,10196,323,35.43194,-82.5375,GHCND:USW00003812,ASHEVILLE REGIONAL AIRPORT NC US
2010-01-10 04:00:00,645.3,266,10197,318,35.43194,-82.5375,GHCND:USW00003812,ASHEVILLE REGIONAL AIRPORT NC US
2010-01-10 05:00:00,645.3,264,10195,315,35.43194,-82.5375,GHCND:USW00003812,ASHEVILLE REGIONAL AIRPORT NC US
2010-01-10 06:00:00,645.3,264,10198,313,35.43194,-82.5375,GHCND:USW00003812,ASHEVILLE REGIONAL AIRPORT NC US
2010-01-10 07:00:00,645.3,263,10202,310,35.43194,-82.5375,GHCND:USW00003812,ASHEVILLE REGIONAL AIRPORT NC US
2010-01-10 08:00:00,645.3,262,10208,308,35.43194,-82.5375,GHCND:USW00003812,ASHEVILLE REGIONAL AIRPORT NC US
2010-01-10 09:00:00,645.3,269,10211,325,35.43194,-82.5375,GHCND:USW00003812,ASHEVILLE REGIONAL AIRPORT NC US
2010-01-10 10:00:00,645.3,275,10215,354,35.43194,-82.5375,GHCND:USW00003812,ASHEVILLE REGIONAL AIRPORT NC US
2010-01-10 11:00:00,645.3,276,10215,384,35.43194,-82.5375,GHCND:USW00003812,ASHEVILLE REGIONAL AIRPORT NC US
2010-01-10 12:00:00,645.3,275,10207,411,35.43194,-82.5375,GHCND:USW00003812,ASHEVILLE REGIONAL AIRPORT NC US
2010-01-10 13:00:00,645.3,272,10195,431,35.43194,-82.5375,GHCND:USW00003812,ASHEVILLE REGIONAL AIRPORT NC US
2010-01-10 14:00:00,645.3,270,10188,446,35.43194,-82.5375,GHCND:USW00003812,ASHEVILLE REGIONAL AIRPORT NC US
2010-01-10 15:00:00,645.3,268,10185,452,35.43194,-82.5375,GHCND:USW00003812,ASHEVILLE REGIONAL AIRPORT NC US
2010-01-10 16:00:00,645.3,267,10187,448,35.43194,-82.5375,GHCND:USW00003812,ASHEVILLE REGIONAL AIRPORT NC US
2010-01-10 17:00:00,645.3,268,10191,432,35.43194,-82.5375,GHCND:USW00003812,ASHEVILLE REGIONAL AIRPORT NC US
2010-01-10 18:00:00,645.3,269,10195,403,35.43194,-82.5375,GHCND:USW00003812,ASHEVILLE REGIONAL AIRPORT NC US
2010-01-10 19:00:00,645.3,272,10201,386,35.43194,-82.5375,GHCND:USW00003812,ASHEVILLE REGIONAL AIRPORT NC US
2010-01-10 20:00:00,645.3,273,10203,373,35.43194,-82.5375,GHCND:USW00003812,ASHEVILLE REGIONAL AIRPORT NC US
2010-01-10 21:00:00,645.3,274,10204,362,35.43194,-82.5375,GHCND:USW00003812,ASHEVILLE REGIONAL AIRPORT NC US
2010-01-10 22:00:00,645.3,273,10204,352,35.43194,-82.5375,GHCND:USW00003812,ASHEVILLE REGIONAL AIRPORT NC US
2010-01-10 23:00:00,645.3,272,10204,344,35.43194,-82.5375,GHCND:USW00003812,ASHEVILLE REGIONAL AIRPORT NC US
2010-01-11 00:00:00,645.3,270,10200,338,35.43194,-82.5375,GHCND:USW00003812,ASHEVILLE REGIONAL AIRPORT NC US
2010-01-11 01:00:00,645.3,267,10197,331,35.43194,-82.5375,GHCND:USW00003812,ASHEVILLE REGIONAL AIRPORT NC US
2010-01-11 02:00:00,645.3,265,10195,326,35.43194,-82.5375,GHCND:USW00003812,ASHEVILLE REGIONAL AIRPORT NC US
2010-01-11 03:00:00,645.3,264,10195,322,35.43194,-82.5375,GHCND:USW00003812,ASHEVILLE REGIONAL AIRPORT NC US
2010-01-11 04:00:00,645.3,263,10195,317,35.43194,-82.5375,GHCND:USW00003812,ASHEVILLE REGIONAL AIRPORT NC US
2010-01-11 05:00:00,645.3,262,10194,313,35.43194,-82.5375,GHCND:USW00003812,ASHEVILLE REGIONAL AIRPORT NC US
2010-01-11 06:00:00,645.3,261,10197,311,35.43194,-82.5375,GHCND:USW00003812,ASHEVILLE REGIONAL AIRPORT NC US
2010-01-11 07:00:00,645.3,260,10201,309,35.43194,-82.5375,GHCND:USW00003812,ASHEVILLE REGIONAL AIRPORT NC US
2010-01-11 08:00:00,645.3,259,10207,307,35.43194,-82.5375,GHCND:USW00003812,ASHEVILLE REGIONAL AIRPORT NC US
2010-01-11 09:00:00,645.3,266,10211,323,35.43194,-82.5375,GHCND:USW00003812,ASHEVILLE REGIONAL AIRPORT NC US
2010-01-11 10:00:00,645.3,272,10214,352,35.43194,-82.5375,GHCND:USW00003812,ASHEVILLE REGIONAL AIRPORT NC US
2010-01-11 11:00:00,645.3,274,10214,382,35.43194,-82.5375,GHCND:USW00003812,ASHEVILLE REGIONAL AIRPORT NC US
2010-01-11 12:00:00,645.3,273,10206,409,35.43194,-82.5375,GHCND:USW00003812,ASHEVILLE REGIONAL AIRPORT NC US
2010-01-11 13:00:00,645.3,269,10194,430,35.43194,-82.5375,GHCND:USW00003812,ASHEVILLE REGIONAL AIRPORT NC US
2010-01-11 14:00:00,645.3,266,10187,444,35.43194,-82.5375,GHCND:USW00003812,ASHEVILLE REGIONAL AIRPORT NC US
2010-01-11 15:00:00,645.3,264,10184,451,35.43194,-82.5375,GHCND:USW00003812,ASHEVILLE REGIONAL AIRPORT NC US
2010-01-11 16:00:00,645.3,263,10186,447,35.43194,-82.5375,GHCND:USW00003812,ASHEVILLE REGIONAL AIRPORT NC US
2010-01-11 17:00:00,645.3,264,10190,432,35.43194,-82.5375,GHCND:USW00003812,ASHEVILLE REGIONAL AIRPORT NC US
2010-01-11 18:00:00,645.3,265,10195,403,35.43194,-82.5375,GHCND:USW00003812,ASHEVILLE REGIONAL AIRPORT NC US
2010-01-11 19:00:00,645.3,268,10200,385,35.43194,-82.5375,GHCND:USW00003812,ASHEVILLE REGIONAL AIRPORT NC US
2010-01-11 20:00:00,645.3,270,10203,372,35.43194,-82.5375,GHCND:USW00003812,ASHEVILLE REGIONAL AIRPORT NC US
2010-01-11 21:00:00,645.3,271,10204,361,35.43194,-82.5375,GHCND:USW00003812,ASHEVILLE REGIONAL AIRPORT NC US
2010-01-11 22:00:00,645.3,271,10203,351,35.43194,-82.5375,GHCND:USW00003812,ASHEVILLE REGIONAL AIRPORT NC US
2010-01-11 23:00:00,645.3,269,10203,343,35.43194,-82.5375,GHCND:USW00003812,ASHEVILLE REGIONAL AIRPORT NC US
2010-01-12 00:00:00,645.3,268,10199,337,35.43194,-82.5375,GHCND:USW00003812,ASHEVILLE REGIONAL AIRPORT NC US
2010-01-12 01:00:00,645.3,264,10196,330,35.43194,-82.5375,GHCND:USW00003812,ASHEVILLE REGIONAL AIRPORT NC US
2010-01-12 02:00:00,645.3,262,10194,326,35.43194,-82.5375,GHCND:USW00003812,ASHEVILLE REGIONAL AIRPORT NC US
2010-01-12 03:00:00,645.3,261,10194,322,35.43194,-82.5375,GHCND:USW00003812,ASHEVILLE REGIONAL AIRPORT NC US
2010-01-12 04:00:00,645.3,261,10194,317,35.43194,-82.5375,GHCND:USW00003812,ASHEVILLE REGIONAL AIRPORT NC US
2010-01-12 05:00:00,645.3,259,10193,313,35.43194,-82.5375,GHCND:USW00003812,ASHEVILLE REGIONAL AIRPORT NC US
2010-01-12 06:00:00,645.3,258,10196,310,35.43194,-82.5375,GHCND:USW00003812,ASHEVILLE REGIONAL AIRPORT NC US
2010-01-12 07:00:00,645.3,257,10200,308,35.43194,-82.5375,GHCND:USW00003812,ASHEVILLE REGIONAL AIRPORT NC US
2010-01-12 08:00:00,645.3,256,10206,306,35.43194,-82.5375,GHCND:USW00003812,ASHEVILLE REGIONAL AIRPORT NC US
2010-01-12 09:00:00,645.3,263,10209,322,35.43194,-82.5375,GHCND:USW00003812,ASHEVILLE REGIONAL AIRPORT NC US
2010-01-12 10:00:00,645.3,268,10213,350,35.43194,-82.5375,GHCND:USW00003812,ASHEVILLE REGIONAL AIRPORT NC US
2010-01-12 11:00:00,645.3,269,10212,379,35.43194,-82.5375,GHCND:USW00003812,ASHEVILLE REGIONAL AIRPORT NC US
2010-01-12 12:00:00,645.3,268,10205,406,35.43194,-82.5375,GHCND:USW00003812,ASHEVILLE REGIONAL AIRPORT NC US
2010-01-12 13:00:00,645.3,265,10193,426,35.43194,-82.5375,GHCND:USW00003812,ASHEVILLE REGIONAL AIRPORT NC US
2010-01-12 14:00:00,645.3,262,10186,441,35.43194,-82.5375,GHCND:USW00003812,ASHEVILLE REGIONAL AIRPORT NC US
2010-01-12 15:00:00,645.3,260,10182,448,35.43194,-82.5375,GHCND:USW00003812,ASHEVILLE REGIONAL AIRPORT NC US
2010-01-12 16:00:00,645.3,259,10184,444,35.43194,-82.5375,GHCND:USW00003812,ASHEVILLE REGIONAL AIRPORT NC US
2010-01-12 17:00:00,645.3,260,10189,429,35.43194,-82.5375,GHCND:USW00003812,ASHEVILLE REGIONAL AIRPORT NC US
2010-01-12 18:00:00,645.3,262,10193,400,35.43194,-82.5375,GHCND:USW00003812,ASHEVILLE REGIONAL AIRPORT NC US
2010-01-12 19:00:00,645.3,265,10198,382,35.43194,-82.5375,GHCND:USW00003812,ASHEVILLE REGIONAL AIRPORT NC US
2010-01-12 20:00:00,645.3,267,10201,369,35.43194,-82.5375,GHCND:USW00003812,ASHEVILLE REGIONAL AIRPORT NC US
2010-01-12 21:00:00,645.3,267,10202,358,35.43194,-82.5375,GHCND:USW00003812,ASHEVILLE REGIONAL AIRPORT NC US
2010-01-12 22:00:00,645.3,267,10202,349,35.43194,-82.5375,GHCND:USW00003812,ASHEVILLE REGIONAL AIRPORT NC US
2010-01-12 23:00:00,645.3,266,10201,341,35.43194,-82.5375,GHCND:USW00003812,ASHEVILLE REGIONAL AIRPORT NC US
2010-01-13 00:00:00,645.3,264,10198,334,35.43194,-82.5375,GHCND:USW00003812,ASHEVILLE REGIONAL AIRPORT NC US
2010-01-13 01:00:00,645.3,261,10194,328,35.43194,-82.5375,GHCND:USW00003812,ASHEVILLE REGIONAL AIRPORT NC US
2010-01-13 02:00:00,645.3,259,10192,323,35.43194,-82.5375,GHCND:USW00003812,ASHEVILLE REGIONAL AIRPORT NC US
2010-01-13 03:00:00,645.3,257,10193,319,35.43194,-82.5375,GHCND:USW00003812,ASHEVILLE REGIONAL AIRPORT NC US
2010-01-13 04:00:00,645.3,257,10192,314,35.43194,-82.5375,GHCND:USW00003812,ASHEVILLE REGIONAL AIRPORT NC US
2010-01-13 05:00:00,645.3,256,10191,310,35.43194,-82.5375,GHCND:USW00003812,ASHEVILLE REGIONAL AIRPORT NC US
2010-01-13 06:00:00,645.3,254,10194,308,35.43194,-82.5375,GHCND:USW00003812,ASHEVILLE REGIONAL AIRPORT NC US
2010-01-13 07:00:00,645.3,254,10199,306,35.43194,-82.5375,GHCND:USW00003812,ASHEVILLE REGIONAL AIRPORT NC US
2010-01-13 08:00:00,645.3,253,10204,304,35.43194,-82.5375,GHCND:USW00003812,ASHEVILLE REGIONAL AIRPORT NC US
2010-01-13 09:00:00,645.3,260,10208,321,35.43194,-82.5375,GHCND:USW00003812,ASHEVILLE REGIONAL AIRPORT NC US
2010-01-13 10:00:00,645.3,265,10211,348,35.43194,-82.5375,GHCND:USW00003812,ASHEVILLE REGIONAL AIRPORT NC US
2010-01-13 11:00:00,645.3,266,10211,377,35.43194,-82.5375,GHCND:USW00003812,ASHEVILLE REGIONAL AIRPORT NC US
2010-01-13 12:00:00,645.3,265,10203,403,35.43194,-82.5375,GHCND:USW00003812,ASHEVILLE REGIONAL AIRPORT NC US
2010-01-13 13:00:00,645.3,262,10192,424,35.43194,-82.5375,GHCND:USW00003812,ASHEVILLE REGIONAL AIRPORT NC US
2010-01-13 14:00:00,645.3,259,10185,438,35.43194,-82.5375,GHCND:USW00003812,ASHEVILLE REGIONAL AIRPORT NC US
2010-01-13 15:00:00,645.3,257,10182,444,35.43194,-82.5375,GHCND:USW00003812,ASHEVILLE REGIONAL AIRPORT NC US
2010-01-13 16:00:00,645.3,256,10184,441,35.43194,-82.5375,GHCND:USW00003812,ASHEVILLE REGIONAL AIRPORT NC US
2010-01-13 17:00:00,645.3,258,10188,426,35.43194,-82.5375,GHCND:USW00003812,ASHEVILLE REGIONAL AIRPORT NC US
2010-01-13 18:00:00,645.3,260,10192,397,35.43194,-82.5375,GHCND:USW00003812,ASHEVILLE REGIONAL AIRPORT NC US
2010-01-13 19:00:00,645.3,263,10197,379,35.43194,-82.5375,GHCND:USW00003812,ASHEVILLE REGIONAL AIRPORT NC US
2010-01-13 20:00:00,645.3,265,10200,367,35.43194,-82.5375,GHCND:USW00003812,ASHEVILLE REGIONAL AIRPORT NC US
2010-01-13 21:00:00,645.3,265,10201,355,35.43194,-82.5375,GHCND:USW00003812,ASHEVILLE REGIONAL AIRPORT NC US
2010-01-13 22:00:00,645.3,265,10201,346,35.43194,-82.5375,GHCND:USW00003812,ASHEVILLE REGIONAL AIRPORT NC US
2010-01-13 23:00:00,645.3,264,10201,338,35.43194,-82.5375,GHCND:USW00003812,ASHEVILLE REGIONAL AIRPORT NC US
2010-01-14 00:00:00,645.3,262,10198,331,35.43194,-82.5375,GHCND:USW00003812,ASHEVILLE REGIONAL AIRPORT NC US
2010-01-14 01:00:00,645.3,258,10194,325,35.43194,-82.5375,GHCND:USW00003812,ASHEVILLE REGIONAL AIRPORT NC US
2010-01-14 02:00:00,645.3,257,10193,320,35.43194,-82.5375,GHCND:USW00003812,ASHEVILLE REGIONAL AIRPORT NC US
2010-01-14 03:00:00,645.3,254,10193,316,35.43194,-82.5375,GHCND:USW00003812,ASHEVILLE REGIONAL AIRPORT NC US
2010-01-14 04:00:00,645.3,254,10193,310,35.43194,-82.5375,GHCND:USW00003812,ASHEVILLE REGIONAL AIRPORT NC US
2010-01-14 05:00:00,645.3,253,10192,308,35.43194,-82.5375,GHCND:USW00003812,ASHEVILLE REGIONAL AIRPORT NC US
2010-01-14 06:00:00,645.3,252,10195,305,35.43194,-82.5375,GHCND:USW00003812,ASHEVILLE REGIONAL AIRPORT NC US
2010-01-14 07:00:00,645.3,251,10199,303,35.43194,-82.5375,GHCND:USW00003812,ASHEVILLE REGIONAL AIRPORT NC US
2010-01-14 08:00:00,645.3,250,10205,301,35.43194,-82.5375,GHCND:USW00003812,ASHEVILLE REGIONAL AIRPORT NC US
2010-01-14 09:00:00,645.3,256,10208,317,35.43194,-82.5375,GHCND:USW00003812,ASHEVILLE REGIONAL AIRPORT NC US
2010-01-14 10:00:00,645.3,261,10212,345,35.43194,-82.5375,GHCND:USW00003812,ASHEVILLE REGIONAL AIRPORT NC US
2010-01-14 11:00:00,645.3,263,10212,374,35.43194,-82.5375,GHCND:USW00003812,ASHEVILLE REGIONAL AIRPORT NC US
2010-01-14 12:00:00,645.3,262,10205,401,35.43194,-82.5375,GHCND:USW00003812,ASHEVILLE REGIONAL AIRPORT NC US
2010-01-14 13:00:00,645.3,258,10194,421,35.43194,-82.5375,GHCND:USW00003812,ASHEVILLE REGIONAL AIRPORT NC US
2010-01-14 14:00:00,645.3,255,10186,435,35.43194,-82.5375,GHCND:USW00003812,ASHEVILLE REGIONAL AIRPORT NC US
2010-01-14 15:00:00,645.3,253,10183,441,35.43194,-82.5375,GHCND:USW00003812,ASHEVILLE REGIONAL AIRPORT NC US
2010-01-14 16:00:00,645.3,252,10185,438,35.43194,-82.5375,GHCND:USW00003812,ASHEVILLE REGIONAL AIRPORT NC US
2010-01-14 17:00:00,645.3,254,10190,423,35.43194,-82.5375,GHCND:USW00003812,ASHEVILLE REGIONAL AIRPORT NC US
2010-01-14 18:00:00,645.3,256,10194,394,35.43194,-82.5375,GHCND:USW00003812,ASHEVILLE REGIONAL AIRPORT NC US
2010-01-14 19:00:00,645.3,260,10199,376,35.43194,-82.5375,GHCND:USW00003812,ASHEVILLE REGIONAL AIRPORT NC US
2010-01-14 20:00:00,645.3,261,10202,364,35.43194,-82.5375,GHCND:USW00003812,ASHEVILLE REGIONAL AIRPORT NC US
2010-01-14 21:00:00,645.3,261,10204,352,35.43194,-82.5375,GHCND:USW00003812,ASHEVILLE REGIONAL AIRPORT NC US
2010-01-14 22:00:00,645.3,261,10204,342,35.43194,-82.5375,GHCND:USW00003812,ASHEVILLE REGIONAL AIRPORT NC US
2010-01-14 23:00:00,645.3,260,10203,335,35.43194,-82.5375,GHCND:USW00003812,ASHEVILLE REGIONAL AIRPORT NC US
2010-01-15 00:00:00,645.3,258,10200,328,35.43194,-82.5375,GHCND:USW00003812,ASHEVILLE REGIONAL AIRPORT NC US
2010-01-15 01:00:00,645.3,255,10197,322,35.43194,-82.5375,GHCND:USW00003812,ASHEVILLE REGIONAL AIRPORT NC US
2010-01-15 02:00:00,645.3,253,10195,317,35.43194,-82.5375,GHCND:USW00003812,ASHEVILLE REGIONAL AIRPORT NC US
2010-01-15 03:00:00,645.3,251,10196,312,35.43194,-82.5375,GHCND:USW00003812,ASHEVILLE REGIONAL AIRPORT NC US
2010-01-15 04:00:00,645.3,250,10194,307,35.43194,-82.5375,GHCND:USW00003812,ASHEVILLE REGIONAL AIRPORT NC US
2010-01-15 05:00:00,645.3,249,10194,304,35.43194,-82.5375,GHCND:USW00003812,ASHEVILLE REGIONAL AIRPORT NC US
2010-01-15 06:00:00,645.3,249,10197,302,35.43194,-82.5375,GHCND:USW00003812,ASHEVILLE REGIONAL AIRPORT NC US
2010-01-15 07:00:00,645.3,248,10202,299,35.43194,-82.5375,GHCND:USW00003812,ASHEVILLE REGIONAL AIRPORT NC US
2010-01-15 08:00:00,645.3,247,10207,297,35.43194,-82.5375,GHCND:USW00003812,ASHEVILLE REGIONAL AIRPORT NC US
2010-01-15 09:00:00,645.3,253,10211,314,35.43194,-82.5375,GHCND:USW00003812,ASHEVILLE REGIONAL AIRPORT NC US
2010-01-15 10:00:00,645.3,259,10214,342,35.43194,-82.5375,GHCND:USW00003812,ASHEVILLE REGIONAL AIRPORT NC US
2010-01-15 11:00:00,645.3,260,10214,371,35.43194,-82.5375,GHCND:USW00003812,ASHEVILLE REGIONAL AIRPORT NC US
2010-01-15 12:00:00,645.3,260,10206,398,35.43194,-82.5375,GHCND:USW00003812,ASHEVILLE REGIONAL AIRPORT NC US
2010-01-15 13:00:00,645.3,256,10195,419,35.43194,-82.5375,GHCND:USW00003812,ASHEVILLE REGIONAL AIRPORT NC US
2010-01-15 14:00:00,645.3,253,10187,434,35.43194,-82.5375,GHCND:USW00003812,ASHEVILLE REGIONAL AIRPORT NC US
2010-01-15 15:00:00,645.3,251,10185,441,35.43194,-82.5375,GHCND:USW00003812,ASHEVILLE REGIONAL AIRPORT NC US
2010-01-15 16:00:00,645.3,250,10186,437,35.43194,-82.5375,GHCND:USW00003812,ASHEVILLE REGIONAL AIRPORT NC US
2010-01-15 17:00:00,645.3,252,10191,422,35.43194,-82.5375,GHCND:USW00003812,ASHEVILLE REGIONAL AIRPORT NC US
2010-01-15 18:00:00,645.3,254,10195,394,35.43194,-82.5375,GHCND:USW00003812,ASHEVILLE REGIONAL AIRPORT NC US
2010-01-15 19:00:00,645.3,257,10200,375,35.43194,-82.5375,GHCND:USW00003812,ASHEVILLE REGIONAL AIRPORT NC US
2010-01-15 20:00:00,645.3,259,10203,363,35.43194,-82.5375,GHCND:USW00003812,ASHEVILLE REGIONAL AIRPORT NC US
2010-01-15 21:00:00,645.3,260,10205,351,35.43194,-82.5375,GHCND:USW00003812,ASHEVILLE REGIONAL AIRPORT NC US
2010-01-15 22:00:00,645.3,259,10205,341,35.43194,-82.5375,GHCND:USW00003812,ASHEVILLE REGIONAL AIRPORT NC US
2010-01-15 23:00:00,645.3,259,10204,333,35.43194,-82.5375,GHCND:USW00003812,ASHEVILLE REGIONAL AIRPORT NC US
2010-01-16 00:00:00,645.3,256,10201,327,35.43194,-82.5375,GHCND:USW00003812,ASHEVILLE REGIONAL AIRPORT NC US
2010-01-16 01:00:00,645.3,253,10198,320,35.43194,-82.5375,GHCND:USW00003812,ASHEVILLE REGIONAL AIRPORT NC US
2010-01-16 02:00:00,645.3,252,10196,315,35.43194,-82.5375,GHCND:USW00003812,ASHEVILLE REGIONAL AIRPORT NC US
2010-01-16 03:00:00,645.3,249,10196,310,35.43194,-82.5375,GHCND:USW00003812,ASHEVILLE REGIONAL AIRPORT NC US
2010-01-16 04:00:00,645.3,249,10195,305,35.43194,-82.5375,GHCND:USW00003812,ASHEVILLE REGIONAL AIRPORT NC US
2010-01-16 05:00:00,645.3,247,10195,302,35.43194,-82.5375,GHCND:USW00003812,ASHEVILLE REGIONAL AIRPORT NC US
2010-01-16 06:00:00,645.3,247,10198,300,35.43194,-82.5375,GHCND:USW00003812,ASHEVILLE REGIONAL AIRPORT NC US
2010-01-16 07:00:00,645.3,246,10202,297,35.43194,-82.5375,GHCND:USW00003812,ASHEVILLE REGIONAL AIRPORT NC US
2010-01-16 08:00:00,645.3,245,10207,295,35.43194,-82.5375,GHCND:USW00003812,ASHEVILLE REGIONAL AIRPORT NC US
2010-01-16 09:00:00,645.3,252,10210,312,35.43194,-82.5375,GHCND:USW00003812,ASHEVILLE REGIONAL AIRPORT NC US
2010-01-16 10:00:00,645.3,258,10214,341,35.43194,-82.5375,GHCND:USW00003812,ASHEVILLE REGIONAL AIRPORT NC US
2010-01-16 11:00:00,645.3,260,10214,370,35.43194,-82.5375,GHCND:USW00003812,ASHEVILLE REGIONAL AIRPORT NC US
2010-01-16 12:00:00,645.3,258,10206,398,35.43194,-82.5375,GHCND:USW00003812,ASHEVILLE REGIONAL AIRPORT NC US
2010-01-16 13:00:00,645.3,256,10195,419,35.43194,-82.5375,GHCND:USW00003812,ASHEVILLE REGIONAL AIRPORT NC US
2010-01-16 14:00:00,645.3,253,10186,435,35.43194,-82.5375,GHCND:USW00003812,ASHEVILLE REGIONAL AIRPORT NC US
2010-01-16 15:00:00,645.3,251,10184,442,35.43194,-82.5375,GHCND:USW00003812,ASHEVILLE REGIONAL AIRPORT NC US
2010-01-16 16:00:00,645.3,250,10185,438,35.43194,-82.5375,GHCND:USW00003812,ASHEVILLE REGIONAL AIRPORT NC US
2010-01-16 17:00:00,645.3,252,10189,424,35.43194,-82.5375,GHCND:USW00003812,ASHEVILLE REGIONAL AIRPORT NC US
2010-01-16 18:00:00,645.3,255,10194,396,35.43194,-82.5375,GHCND:USW00003812,ASHEVILLE REGIONAL AIRPORT NC US
2010-01-16 19:00:00,645.3,258,10199,376,35.43194,-82.5375,GHCND:USW00003812,ASHEVILLE REGIONAL AIRPORT NC US
2010-01-16 20:00:00,645.3,260,10202,364,35.43194,-82.5375,GHCND:USW00003812,ASHEVILLE REGIONAL AIRPORT NC US
2010-01-16 21:00:00,645.3,260,10203,352,35.43194,-82.5375,GHCND:USW00003812,ASHEVILLE REGIONAL AIRPORT NC US
2010-01-16 22:00:00,645.3,260,10203,342,35.43194,-82.5375,GHCND:USW00003812,ASHEVILLE REGIONAL AIRPORT NC US
2010-01-16 23:00:00,645.3,259,10202,334,35.43194,-82.5375,GHCND:USW00003812,ASHEVILLE REGIONAL AIRPORT NC US
2010-01-17 00:00:00,645.3,257,10200,327,35.43194,-82.5375,GHCND:USW00003812,ASHEVILLE REGIONAL AIRPORT NC US
2010-01-17 01:00:00,645.3,254,10196,321,35.43194,-82.5375,GHCND:USW00003812,ASHEVILLE REGIONAL AIRPORT NC US
2010-01-17 02:00:00,645.3,252,10194,316,35.43194,-82.5375,GHCND:USW00003812,ASHEVILLE REGIONAL AIRPORT NC US
2010-01-17 03:00:00,645.3,250,10195,311,35.43194,-82.5375,GHCND:USW00003812,ASHEVILLE REGIONAL AIRPORT NC US
2010-01-17 04:00:00,645.3,249,10193,305,35.43194,-82.5375,GHCND:USW00003812,ASHEVILLE REGIONAL AIRPORT NC US
2010-01-17 05:00:00,645.3,248,10193,303,35.43194,-82.5375,GHCND:USW00003812,ASHEVILLE REGIONAL AIRPORT NC US
2010-01-17 06:00:00,645.3,248,10196,301,35.43194,-82.5375,GHCND:USW00003812,ASHEVILLE REGIONAL AIRPORT NC US
2010-01-17 07:00:00,645.3,246,10200,298,35.43194,-82.5375,GHCND:USW00003812,ASHEVILLE REGIONAL AIRPORT NC US
2010-01-17 08:00:00,645.3,246,10205,296,35.43194,-82.5375,GHCND:USW00003812,ASHEVILLE REGIONAL AIRPORT NC US
2010-01-17 09:00:00,645.3,253,10209,314,35.43194,-82.5375,GHCND:USW00003812,ASHEVILLE REGIONAL AIRPORT NC US
2010-01-17 10:00:00,645.3,258,10212,342,35.43194,-82.5375,GHCND:USW00003812,ASHEVILLE REGIONAL AIRPORT NC US
2010-01-17 11:00:00,645.3,260,10212,371,35.43194,-82.5375,GHCND:USW00003812,ASHEVILLE REGIONAL AIRPORT NC US
2010-01-17 12:00:00,645.3,258,10205,399,35.43194,-82.5375,GHCND:USW00003812,ASHEVILLE REGIONAL AIRPORT NC US
2010-01-17 13:00:00,645.3,256,10193,420,35.43194,-82.5375,GHCND:USW00003812,ASHEVILLE REGIONAL AIRPORT NC US
2010-01-17 14:00:00,645.3,252,10185,435,35.43194,-82.5375,GHCND:USW00003812,ASHEVILLE REGIONAL AIRPORT NC US
2010-01-17 15:00:00,645.3,250,10182,441,35.43194,-82.5375,GHCND:USW00003812,ASHEVILLE REGIONAL AIRPORT NC US
2010-01-17 16:00:00,645.3,249,10184,438,35.43194,-82.5375,GHCND:USW00003812,ASHEVILLE REGIONAL AIRPORT NC US
2010-01-17 17:00:00,645.3,251,10188,424,35.43194,-82.5375,GHCND:USW00003812,ASHEVILLE REGIONAL AIRPORT NC US
2010-01-17 18:00:00,645.3,254,10193,395,35.43194,-82.5375,GHCND:USW00003812,ASHEVILLE REGIONAL AIRPORT NC US
2010-01-17 19:00:00,645.3,257,10198,376,35.43194,-82.5375,GHCND:USW00003812,ASHEVILLE REGIONAL AIRPORT NC US
2010-01-17 20:00:00,645.3,259,10201,364,35.43194,-82.5375,GHCND:USW00003812,ASHEVILLE REGIONAL AIRPORT NC US
2010-01-17 21:00:00,645.3,259,10202,352,35.43194,-82.5375,GHCND:USW00003812,ASHEVILLE REGIONAL AIRPORT NC US
2010-01-17 22:00:00,645.3,259,10202,342,35.43194,-82.5375,GHCND:USW00003812,ASHEVILLE REGIONAL AIRPORT NC US
2010-01-17 23:00:00,645.3,258,10201,334,35.43194,-82.5375,GHCND:USW00003812,ASHEVILLE REGIONAL AIRPORT NC US
2010-01-18 00:00:00,645.3,256,10199,327,35.43194,-82.5375,GHCND:USW00003812,ASHEVILLE REGIONAL AIRPORT NC US
2010-01-18 01:00:00,645.3,253,10195,321,35.43194,-82.5375,GHCND:USW00003812,ASHEVILLE REGIONAL AIRPORT NC US
2010-01-18 02:00:00,645.3,251,10193,316,35.43194,-82.5375,GHCND:USW00003812,ASHEVILLE REGIONAL AIRPORT NC US
2010-01-18 03:00:00,645.3,249,10193,311,35.43194,-82.5375,GHCND:USW00003812,ASHEVILLE REGIONAL AIRPORT NC US
2010-01-18 04:00:00,645.3,248,10192,305,35.43194,-82.5375,GHCND:USW00003812,ASHEVILLE REGIONAL AIRPORT NC US
2010-01-18 05:00:00,645.3,247,10192,302,35.43194,-82.5375,GHCND:USW00003812,ASHEVILLE REGIONAL AIRPORT NC US
2010-01-18 06:00:00,645.3,246,10195,300,35.43194,-82.5375,GHCND:USW00003812,ASHEVILLE REGIONAL AIRPORT NC US
2010-01-18 07:00:00,645.3,244,10199,297,35.43194,-82.5375,GHCND:USW00003812,ASHEVILLE REGIONAL AIRPORT NC US
2010-01-18 08:00:00,645.3,244,10204,295,35.43194,-82.5375,GHCND:USW00003812,ASHEVILLE REGIONAL AIRPORT NC US
2010-01-18 09:00:00,645.3,251,10208,314,35.43194,-82.5375,GHCND:USW00003812,ASHEVILLE REGIONAL AIRPORT NC US
2010-01-18 10:00:00,645.3,256,10211,341,35.43194,-82.5375,GHCND:USW00003812,ASHEVILLE REGIONAL AIRPORT NC US
2010-01-18 11:00:00,645.3,258,10211,371,35.43194,-82.5375,GHCND:USW00003812,ASHEVILLE REGIONAL AIRPORT NC US
2010-01-18 12:00:00,645.3,256,10203,399,35.43194,-82.5375,GHCND:USW00003812,ASHEVILLE REGIONAL AIRPORT NC US
2010-01-18 13:00:00,645.3,254,10192,421,35.43194,-82.5375,GHCND:USW00003812,ASHEVILLE REGIONAL AIRPORT NC US
2010-01-18 14:00:00,645.3,250,10184,436,35.43194,-82.5375,GHCND:USW00003812,ASHEVILLE REGIONAL AIRPORT NC US
2010-01-18 15:00:00,645.3,248,10181,442,35.43194,-82.5375,GHCND:USW00003812,ASHEVILLE REGIONAL AIRPORT NC US
2010-01-18 16:00:00,645.3,248,10182,439,35.43194,-82.5375,GHCND:USW00003812,ASHEVILLE REGIONAL AIRPORT NC US
2010-01-18 17:00:00,645.3,249,10186,425,35.43194,-82.5375,GHCND:USW00003812,ASHEVILLE REGIONAL AIRPORT NC US
2010-01-18 18:00:00,645.3,252,10192,396,35.43194,-82.5375,GHCND:USW00003812,ASHEVILLE REGIONAL AIRPORT NC US
2010-01-18 19:00:00,645.3,255,10196,377,35.43194,-82.5375,GHCND:USW00003812,ASHEVILLE REGIONAL AIRPORT NC US
2010-01-18 20:00:00,645.3,256,10199,364,35.43194,-82.5375,GHCND:USW00003812,ASHEVILLE REGIONAL AIRPORT NC US
2010-01-18 21:00:00,645.3,257,10201,352,35.43194,-82.5375,GHCND:USW00003812,ASHEVILLE REGIONAL AIRPORT NC US
2010-01-18 22:00:00,645.3,256,10201,342,35.43194,-82.5375,GHCND:USW00003812,ASHEVILLE REGIONAL AIRPORT NC US
2010-01-18 23:00:00,645.3,256,10200,334,35.43194,-82.5375,GHCND:USW00003812,ASHEVILLE REGIONAL AIRPORT NC US
2010-01-19 00:00:00,645.3,254,10198,327,35.43194,-82.5375,GHCND:USW00003812,ASHEVILLE REGIONAL AIRPORT NC US
2010-01-19 01:00:00,645.3,252,10194,321,35.43194,-82.5375,GHCND:USW00003812,ASHEVILLE REGIONAL AIRPORT NC US
2010-01-19 02:00:00,645.3,250,10193,315,35.43194,-82.5375,GHCND:USW00003812,ASHEVILLE REGIONAL AIRPORT NC US
2010-01-19 03:00:00,645.3,247,10193,310,35.43194,-82.5375,GHCND:USW00003812,ASHEVILLE REGIONAL AIRPORT NC US
2010-01-19 04:00:00,645.3,246,10192,304,35.43194,-82.5375,GHCND:USW00003812,ASHEVILLE REGIONAL AIRPORT NC US
2010-01-19 05:00:00,645.3,244,10192,301,35.43194,-82.5375,GHCND:USW00003812,ASHEVILLE REGIONAL AIRPORT NC US
2010-01-19 06:00:00,645.3,243,10195,299,35.43194,-82.5375,GHCND:USW00003812,ASHEVILLE REGIONAL AIRPORT NC US
2010-01-19 07:00:00,645.3,242,10199,296,35.43194,-82.5375,GHCND:USW00003812,ASHEVILLE REGIONAL AIRPORT NC US
2010-01-19 08:00:00,645.3,242,10204,294,35.43194,-82.5375,GHCND:USW00003812,ASHEVILLE REGIONAL AIRPORT NC US
2010-01-19 09:00:00,645.3,249,10208,313,35.43194,-82.5375,GHCND:USW00003812,ASHEVILLE REGIONAL AIRPORT NC US
2010-01-19 10:00:00,645.3,254,10211,340,35.43194,-82.5375,GHCND:USW00003812,ASHEVILLE REGIONAL AIRPORT NC US
2010-01-19 11:00:00,645.3,256,10211,370,35.43194,-82.5375,GHCND:USW00003812,ASHEVILLE REGIONAL AIRPORT NC US
2010-01-19 12:00:00,645.3,254,10203,398,35.43194,-82.5375,GHCND:USW00003812,ASHEVILLE REGIONAL AIRPORT NC US
2010-01-19 13:00:00,645.3,252,10192,420,35.43194,-82.5375,GHCND:USW00003812,ASHEVILLE REGIONAL AIRPORT NC US
2010-01-19 14:00:00,645.3,249,10184,436,35.43194,-82.5375,GHCND:USW00003812,ASHEVILLE REGIONAL AIRPORT NC US
2010-01-19 15:00:00,645.3,247,10181,442,35.43194,-82.5375,GHCND:USW00003812,ASHEVILLE REGIONAL AIRPORT NC US
2010-01-19 16:00:00,645.3,246,10182,439,35.43194,-82.5375,GHCND:USW00003812,ASHEVILLE REGIONAL AIRPORT NC US
2010-01-19 17:00:00,645.3,247,10186,425,35.43194,-82.5375,GHCND:USW00003812,ASHEVILLE REGIONAL AIRPORT NC US
2010-01-19 18:00:00,645.3,250,10192,397,35.43194,-82.5375,GHCND:USW00003812,ASHEVILLE REGIONAL AIRPORT NC US
2010-01-19 19:00:00,645.3,253,10197,377,35.43194,-82.5375,GHCND:USW00003812,ASHEVILLE REGIONAL AIRPORT NC US
2010-01-19 20:00:00,645.3,255,10200,364,35.43194,-82.5375,GHCND:USW00003812,ASHEVILLE REGIONAL AIRPORT NC US
2010-01-19 21:00:00,645.3,255,10201,351,35.43194,-82.5375,GHCND:USW00003812,ASHEVILLE REGIONAL AIRPORT NC US
2010-01-19 22:00:00,645.3,255,10201,341,35.43194,-82.5375,GHCND:USW00003812,ASHEVILLE REGIONAL AIRPORT NC US
2010-01-19 23:00:00,645.3,255,10201,333,35.43194,-82.5375,GHCND:USW00003812,ASHEVILLE REGIONAL AIRPORT NC US
2010-01-20 00:00:00,645.3,253,10198,326,35.43194,-82.5375,GHCND:USW00003812,ASHEVILLE REGIONAL AIRPORT NC US
2010-01-20 01:00:00,645.3,251,10195,320,35.43194,-82.5375,GHCND:USW00003812,ASHEVILLE REGIONAL AIRPORT NC US
2010-01-20 02:00:00,645.3,250,10193,314,35.43194,-82.5375,GHCND:USW00003812,ASHEVILLE REGIONAL AIRPORT NC US
2010-01-20 03:00:00,645.3,247,10193,309,35.43194,-82.5375,GHCND:USW00003812,ASHEVILLE REGIONAL AIRPORT NC US
2010-01-20 04:00:00,645.3,245,10192,304,35.43194,-82.5375,GHCND:USW00003812,ASHEVILLE REGIONAL AIRPORT NC US
2010-01-20 05:00:00,645.3,244,10192,300,35.43194,-82.5375,GHCND:USW00003812,ASHEVILLE REGIONAL AIRPORT NC US
2010-01-20 06:00:00,645.3,242,10195,297,35.43194,-82.5375,GHCND:USW00003812,ASHEVILLE REGIONAL AIRPORT NC US
2010-01-20 07:00:00,645.3,241,10200,294,35.43194,-82.5375,GHCND:USW00003812,ASHEVILLE REGIONAL AIRPORT NC US
2010-01-20 08:00:00,645.3,240,10205,293,35.43194,-82.5375,GHCND:USW00003812,ASHEVILLE REGIONAL AIRPORT NC US
2010-01-20 09:00:00,645.3,248,10208,311,35.43194,-82.5375,GHCND:USW00003812,ASHEVILLE REGIONAL AIRPORT NC US
2010-01-20 10:00:00,645.3,252,10211,339,35.43194,-82.5375,GHCND:USW00003812,ASHEVILLE REGIONAL AIRPORT NC US
2010-01-20 11:00:00,645.3,253,10211,368,35.43194,-82.5375,GHCND:USW00003812,ASHEVILLE REGIONAL AIRPORT NC US
2010-01-20 12:00:00,645.3,250,10204,396,35.43194,-82.5375,GHCND:USW00003812,ASHEVILLE REGIONAL AIRPORT NC US
2010-01-20 13:00:00,645.3,248,10193,418,35.43194,-82.5375,GHCND:USW00003812,ASHEVILLE REGIONAL AIRPORT NC US
2010-01-20 14:00:00,645.3,245,10184,434,35.43194,-82.5375,GHCND:USW00003812,ASHEVILLE REGIONAL AIRPORT NC US
2010-01-20 15:00:00,645.3,243,10181,441,35.43194,-82.5375,GHCND:USW00003812,ASHEVILLE REGIONAL AIRPORT NC US
2010-01-20 16:00:00,645.3,243,10182,438,35.43194,-82.5375,GHCND:USW00003812,ASHEVILLE REGIONAL AIRPORT NC US
2010-01-20 17:00:00,645.3,243,10187,425,35.43194,-82.5375,GHCND:USW00003812,ASHEVILLE REGIONAL AIRPORT NC US
2010-01-20 18:00:00,645.3,246,10192,396,35.43194,-82.5375,GHCND:USW00003812,ASHEVILLE REGIONAL AIRPORT NC US
2010-01-20 19:00:00,645.3,249,10197,375,35.43194,-82.5375,GHCND:USW00003812,ASHEVILLE REGIONAL AIRPORT NC US
2010-01-20 20:00:00,645.3,251,10200,362,35.43194,-82.5375,GHCND:USW00003812,ASHEVILLE REGIONAL AIRPORT NC US
2010-01-20 21:00:00,645.3,252,10202,349,35.43194,-82.5375,GHCND:USW00003812,ASHEVILLE REGIONAL AIRPORT NC US
2010-01-20 22:00:00,645.3,252,10202,339,35.43194,-82.5375,GHCND:USW00003812,ASHEVILLE REGIONAL AIRPORT NC US
2010-01-20 23:00:00,645.3,251,10201,331,35.43194,-82.5375,GHCND:USW00003812,ASHEVILLE REGIONAL AIRPORT NC US
2010-01-21 00:00:00,645.3,250,10199,324,35.43194,-82.5375,GHCND:USW00003812,ASHEVILLE REGIONAL AIRPORT NC US
2010-01-21 01:00:00,645.3,248,10195,317,35.43194,-82.5375,GHCND:USW00003812,ASHEVILLE REGIONAL AIRPORT NC US
2010-01-21 02:00:00,645.3,246,10194,311,35.43194,-82.5375,GHCND:USW00003812,ASHEVILLE REGIONAL AIRPORT NC US
2010-01-21 03:00:00,645.3,244,10194,306,35.43194,-82.5375,GHCND:USW00003812,ASHEVILLE REGIONAL AIRPORT NC US
2010-01-21 04:00:00,645.3,242,10193,301,35.43194,-82.5375,GHCND:USW00003812,ASHEVILLE REGIONAL AIRPORT NC US
2010-01-21 05:00:00,645.3,241,10193,297,35.43194,-82.5375,GHCND:USW00003812,ASHEVILLE REGIONAL AIRPORT NC US
2010-01-21 06:00:00,645.3,239,10196,294,35.43194,-82.5375,GHCND:USW00003812,ASHEVILLE REGIONAL AIRPORT NC US
2010-01-21 07:00:00,645.3,237,10201,292,35.43194,-82.5375,GHCND:USW00003812,ASHEVILLE REGIONAL AIRPORT NC US
2010-01-21 08:00:00,645.3,237,10206,290,35.43194,-82.5375,GHCND:USW00003812,ASHEVILLE REGIONAL AIRPORT NC US
2010-01-21 09:00:00,645.3,245,10209,310,35.43194,-82.5375,GHCND:USW00003812,ASHEVILLE REGIONAL AIRPORT NC US
2010-01-21 10:00:00,645.3,249,10212,338,35.43194,-82.5375,GHCND:USW00003812,ASHEVILLE REGIONAL AIRPORT NC US
2010-01-21 11:00:00,645.3,250,10212,368,35.43194,-82.5375,GHCND:USW00003812,ASHEVILLE REGIONAL AIRPORT NC US
2010-01-21 12:00:00,645.3,247,10205,397,35.43194,-82.5375,GHCND:USW00003812,ASHEVILLE REGIONAL AIRPORT NC US
2010-01-21 13:00:00,645.3,245,10194,419,35.43194,-82.5375,GHCND:USW00003812,ASHEVILLE REGIONAL AIRPORT NC US
2010-01-21 14:00:00,645.3,242,10185,435,35.43194,-82.5375,GHCND:USW00003812,ASHEVILLE REGIONAL AIRPORT NC US
2010-01-21 15:00:00,645.3,242,10182,442,35.43194,-82.5375,GHCND:USW00003812,ASHEVILLE REGIONAL AIRPORT NC US
2010-01-21 16:00:00,645.3,241,10183,439,35.43194,-82.5375,GHCND:USW00003812,ASHEVILLE REGIONAL AIRPORT NC US
2010-01-21 17:00:00,645.3,241,10188,426,35.43194,-82.5375,GHCND:USW00003812,ASHEVILLE REGIONAL AIRPORT NC US
2010-01-21 18:00:00,645.3,244,10193,397,35.43194,-82.5375,GHCND:USW00003812,ASHEVILLE REGIONAL AIRPORT NC US
2010-01-21 19:00:00,645.3,247,10198,376,35.43194,-82.5375,GHCND:USW00003812,ASHEVILLE REGIONAL AIRPORT NC US
2010-01-21 20:00:00,645.3,249,10201,362,35.43194,-82.5375,GHCND:USW00003812,ASHEVILLE REGIONAL AIRPORT NC US
2010-01-21 21:00:00,645.3,249,10203,349,35.43194,-82.5375,GHCND:USW00003812,ASHEVILLE REGIONAL AIRPORT NC US
2010-01-21 22:00:00,645.3,250,10203,339,35.43194,-82.5375,GHCND:USW00003812,ASHEVILLE REGIONAL AIRPORT NC US
2010-01-21 23:00:00,645.3,249,10202,331,35.43194,-82.5375,GHCND:USW00003812,ASHEVILLE REGIONAL AIRPORT NC US
2010-01-22 00:00:00,645.3,248,10200,324,35.43194,-82.5375,GHCND:USW00003812,ASHEVILLE REGIONAL AIRPORT NC US
2010-01-22 01:00:00,645.3,246,10197,317,35.43194,-82.5375,GHCND:USW00003812,ASHEVILLE REGIONAL AIRPORT NC US
2010-01-22 02:00:00,645.3,245,10195,312,35.43194,-82.5375,GHCND:USW00003812,ASHEVILLE REGIONAL AIRPORT NC US
2010-01-22 03:00:00,645.3,242,10195,307,35.43194,-82.5375,GHCND:USW00003812,ASHEVILLE REGIONAL AIRPORT NC US
2010-01-22 04:00:00,645.3,241,10194,301,35.43194,-82.5375,GHCND:USW00003812,ASHEVILLE REGIONAL AIRPORT NC US
2010-01-22 05:00:00,645.3,241,10194,298,35.43194,-82.5375,GHCND:USW00003812,ASHEVILLE REGIONAL AIRPORT NC US
2010-01-22 06:00:00,645.3,239,10197,295,35.43194,-82.5375,GHCND:USW00003812,ASHEVILLE REGIONAL AIRPORT NC US
2010-01-22 07:00:00,645.3,238,10202,292,35.43194,-82.5375,GHCND:USW00003812,ASHEVILLE REGIONAL AIRPORT NC US
2010-01-22 08:00:00,645.3,238,10206,291,35.43194,-82.5375,GHCND:USW00003812,ASHEVILLE REGIONAL AIRPORT NC US
2010-01-22 09:00:00,645.3,246,10210,311,35.43194,-82.5375,GHCND:USW00003812,ASHEVILLE REGIONAL AIRPORT NC US
2010-01-22 10:00:00,645.3,251,10213,340,35.43194,-82.5375,GHCND:USW00003812,ASHEVILLE REGIONAL AIRPORT NC US
2010-01-22 11:00:00,645.3,252,10213,370,35.43194,-82.5375,GHCND:USW00003812,ASHEVILLE REGIONAL AIRPORT NC US
2010-01-22 12:00:00,645.3,249,10206,399,35.43194,-82.5375,GHCND:USW00003812,ASHEVILLE REGIONAL AIRPORT NC US
2010-01-22 13:00:00,645.3,248,10195,420,35.43194,-82.5375,GHCND:USW00003812,ASHEVILLE REGIONAL AIRPORT NC US
2010-01-22 14:00:00,645.3,246,10186,437,35.43194,-82.5375,GHCND:USW00003812,ASHEVILLE REGIONAL AIRPORT NC US
2010-01-22 15:00:00,645.3,246,10183,443,35.43194,-82.5375,GHCND:USW00003812,ASHEVILLE REGIONAL AIRPORT NC US
2010-01-22 16:00:00,645.3,245,10184,440,35.43194,-82.5375,GHCND:USW00003812,ASHEVILLE REGIONAL AIRPORT NC US
2010-01-22 17:00:00,645.3,245,10188,428,35.43194,-82.5375,GHCND:USW00003812,ASHEVILLE REGIONAL AIRPORT NC US
2010-01-22 18:00:00,645.3,248,10194,399,35.43194,-82.5375,GHCND:USW00003812,ASHEVILLE REGIONAL AIRPORT NC US
2010-01-22 19:00:00,645.3,251,10199,378,35.43194,-82.5375,GHCND:USW00003812,ASHEVILLE REGIONAL AIRPORT NC US
2010-01-22 20:00:00,645.3,252,10202,364,35.43194,-82.5375,GHCND:USW00003812,ASHEVILLE REGIONAL AIRPORT NC US
2010-01-22 21:00:00,645.3,253,10203,351,35.43194,-82.5375,GHCND:USW00003812,ASHEVILLE REGIONAL AIRPORT NC US
2010-01-22 22:00:00,645.3,253,10203,341,35.43194,-82.5375,GHCND:USW00003812,ASHEVILLE REGIONAL AIRPORT NC US
2010-01-22 23:00:00,645.3,253,10202,333,35.43194,-82.5375,GHCND:USW00003812,ASHEVILLE REGIONAL AIRPORT NC US
2010-01-23 00:00:00,645.3,251,10200,325,35.43194,-82.5375,GHCND:USW00003812,ASHEVILLE REGIONAL AIRPORT NC US
2010-01-23 01:00:00,645.3,250,10196,319,35.43194,-82.5375,GHCND:USW00003812,ASHEVILLE REGIONAL AIRPORT NC US
2010-01-23 02:00:00,645.3,248,10194,314,35.43194,-82.5375,GHCND:USW00003812,ASHEVILLE REGIONAL AIRPORT NC US
2010-01-23 03:00:00,645.3,246,10194,309,35.43194,-82.5375,GHCND:USW00003812,ASHEVILLE REGIONAL AIRPORT NC US
2010-01-23 04:00:00,645.3,245,10193,304,35.43194,-82.5375,GHCND:USW00003812,ASHEVILLE REGIONAL AIRPORT NC US
2010-01-23 05:00:00,645.3,244,10193,301,35.43194,-82.5375,GHCND:USW00003812,ASHEVILLE REGIONAL AIRPORT NC US
2010-01-23 06:00:00,645.3,243,10196,298,35.43194,-82.5375,GHCND:USW00003812,ASHEVILLE REGIONAL AIRPORT NC US
2010-01-23 07:00:00,645.3,241,10200,295,35.43194,-82.5375,GHCND:USW00003812,ASHEVILLE REGIONAL AIRPORT NC US
2010-01-23 08:00:00,645.3,242,10205,294,35.43194,-82.5375,GHCND:USW00003812,ASHEVILLE REGIONAL AIRPORT NC US
2010-01-23 09:00:00,645.3,250,10208,314,35.43194,-82.5375,GHCND:USW00003812,ASHEVILLE REGIONAL AIRPORT NC US
2010-01-23 10:00:00,645.3,255,10211,342,35.43194,-82.5375,GHCND:USW00003812,ASHEVILLE REGIONAL AIRPORT NC US
2010-01-23 11:00:00,645.3,257,10211,373,35.43194,-82.5375,GHCND:USW00003812,ASHEVILLE REGIONAL AIRPORT NC US
2010-01-23 12:00:00,645.3,255,10203,402,35.43194,-82.5375,GHCND:USW00003812,ASHEVILLE REGIONAL AIRPORT NC US
2010-01-23 13:00:00,645.3,253,10192,422,35.43194,-82.5375,GHCND:USW00003812,ASHEVILLE REGIONAL AIRPORT NC US
2010-01-23 14:00:00,645.3,250,10184,439,35.43194,-82.5375,GHCND:USW00003812,ASHEVILLE REGIONAL AIRPORT NC US
2010-01-23 15:00:00,645.3,250,10180,445,35.43194,-82.5375,GHCND:USW00003812,ASHEVILLE REGIONAL AIRPORT NC US
2010-01-23 16:00:00,645.3,249,10182,442,35.43194,-82.5375,GHCND:USW00003812,ASHEVILLE REGIONAL AIRPORT NC US
2010-01-23 17:00:00,645.3,249,10186,429,35.43194,-82.5375,GHCND:USW00003812,ASHEVILLE REGIONAL AIRPORT NC US
2010-01-23 18:00:00,645.3,252,10191,401,35.43194,-82.5375,GHCND:USW00003812,ASHEVILLE REGIONAL AIRPORT NC US
2010-01-23 19:00:00,645.3,255,10196,380,35.43194,-82.5375,GHCND:USW00003812,ASHEVILLE REGIONAL AIRPORT NC US
2010-01-23 20:00:00,645.3,256,10199,367,35.43194,-82.5375,GHCND:USW00003812,ASHEVILLE REGIONAL AIRPORT NC US
2010-01-23 21:00:00,645.3,257,10201,354,35.43194,-82.5375,GHCND:USW00003812,ASHEVILLE REGIONAL AIRPORT NC US
2010-01-23 22:00:00,645.3,256,10200,344,35.43194,-82.5375,GHCND:USW00003812,ASHEVILLE REGIONAL AIRPORT NC US
2010-01-23 23:00:00,645.3,256,10200,336,35.43194,-82.5375,GHCND:USW00003812,ASHEVILLE REGIONAL AIRPORT NC US
2010-01-24 00:00:00,645.3,254,10198,328,35.43194,-82.5375,GHCND:USW00003812,ASHEVILLE REGIONAL AIRPORT NC US
2010-01-24 01:00:00,645.3,252,10194,322,35.43194,-82.5375,GHCND:USW00003812,ASHEVILLE REGIONAL AIRPORT NC US
2010-01-24 02:00:00,645.3,251,10193,316,35.43194,-82.5375,GHCND:USW00003812,ASHEVILLE REGIONAL AIRPORT NC US
2010-01-24 03:00:00,645.3,248,10193,312,35.43194,-82.5375,GHCND:USW00003812,ASHEVILLE REGIONAL AIRPORT NC US
2010-01-24 04:00:00,645.3,247,10191,306,35.43194,-82.5375,GHCND:USW00003812,ASHEVILLE REGIONAL AIRPORT NC US
2010-01-24 05:00:00,645.3,246,10191,303,35.43194,-82.5375,GHCND:USW00003812,ASHEVILLE REGIONAL AIRPORT NC US
2010-01-24 06:00:00,645.3,245,10194,300,35.43194,-82.5375,GHCND:USW00003812,ASHEVILLE REGIONAL AIRPORT NC US
2010-01-24 07:00:00,645.3,244,10199,298,35.43194,-82.5375,GHCND:USW00003812,ASHEVILLE REGIONAL AIRPORT NC US
2010-01-24 08:00:00,645.3,243,10203,297,35.43194,-82.5375,GHCND:USW00003812,ASHEVILLE REGIONAL AIRPORT NC US
2010-01-24 09:00:00,645.3,251,10207,316,35.43194,-82.5375,GHCND:USW00003812,ASHEVILLE REGIONAL AIRPORT NC US
2010-01-24 10:00:00,645.3,256,10209,344,35.43194,-82.5375,GHCND:USW00003812,ASHEVILLE REGIONAL AIRPORT NC US
2010-01-24 11:00:00,645.3,258,10210,375,35.43194,-82.5375,GHCND:USW00003812,ASHEVILLE REGIONAL AIRPORT NC US
2010-01-24 12:00:00,645.3,256,10202,403,35.43194,-82.5375,GHCND:USW00003812,ASHEVILLE REGIONAL AIRPORT NC US
2010-01-24 13:00:00,645.3,254,10191,424,35.43194,-82.5375,GHCND:USW00003812,ASHEVILLE REGIONAL AIRPORT NC US
2010-01-24 14:00:00,645.3,251,10183,441,35.43194,-82.5375,GHCND:USW00003812,ASHEVILLE REGIONAL AIRPORT NC US
2010-01-24 15:00:00,645.3,250,10179,447,35.43194,-82.5375,GHCND:USW00003812,ASHEVILLE REGIONAL AIRPORT NC US
2010-01-24 16:00:00,645.3,250,10180,445,35.43194,-82.5375,GHCND:USW00003812,ASHEVILLE REGIONAL AIRPORT NC US
2010-01-24 17:00:00,645.3,250,10185,432,35.43194,-82.5375,GHCND:USW00003812,ASHEVILLE REGIONAL AIRPORT NC US
2010-01-24 18:00:00,645.3,252,10190,404,35.43194,-82.5375,GHCND:USW00003812,ASHEVILLE REGIONAL AIRPORT NC US
2010-01-24 19:00:00,645.3,256,10195,383,35.43194,-82.5375,GHCND:USW00003812,ASHEVILLE REGIONAL AIRPORT NC US
2010-01-24 20:00:00,645.3,257,10198,369,35.43194,-82.5375,GHCND:USW00003812,ASHEVILLE REGIONAL AIRPORT NC US
2010-01-24 21:00:00,645.3,258,10199,356,35.43194,-82.5375,GHCND:USW00003812,ASHEVILLE REGIONAL AIRPORT NC US
2010-01-24 22:00:00,645.3,258,10199,346,35.43194,-82.5375,GHCND:USW00003812,ASHEVILLE REGIONAL AIRPORT NC US
2010-01-24 23:00:00,645.3,258,10199,338,35.43194,-82.5375,GHCND:USW00003812,ASHEVILLE REGIONAL AIRPORT NC US
2010-01-25 00:00:00,645.3,255,10197,330,35.43194,-82.5375,GHCND:USW00003812,ASHEVILLE REGIONAL AIRPORT NC US
2010-01-25 01:00:00,645.3,254,10193,324,35.43194,-82.5375,GHCND:USW00003812,ASHEVILLE REGIONAL AIRPORT NC US
2010-01-25 02:00:00,645.3,253,10192,318,35.43194,-82.5375,GHCND:USW00003812,ASHEVILLE REGIONAL AIRPORT NC US
2010-01-25 03:00:00,645.3,250,10192,314,35.43194,-82.5375,GHCND:USW00003812,ASHEVILLE REGIONAL AIRPORT NC US
2010-01-25 04:00:00,645.3,249,10190,309,35.43194,-82.5375,GHCND:USW00003812,ASHEVILLE REGIONAL AIRPORT NC US
2010-01-25 05:00:00,645.3,248,10190,305,35.43194,-82.5375,GHCND:USW00003812,ASHEVILLE REGIONAL AIRPORT NC US
2010-01-25 06:00:00,645.3,246,10194,302,35.43194,-82.5375,GHCND:USW00003812,ASHEVILLE REGIONAL AIRPORT NC US
2010-01-25 07:00:00,645.3,245,10198,300,35.43194,-82.5375,GHCND:USW00003812,ASHEVILLE REGIONAL AIRPORT NC US
2010-01-25 08:00:00,645.3,245,10202,298,35.43194,-82.5375,GHCND:USW00003812,ASHEVILLE REGIONAL AIRPORT NC US
2010-01-25 09:00:00,645.3,253,10207,318,35.43194,-82.5375,GHCND:USW00003812,ASHEVILLE REGIONAL AIRPORT NC US
2010-01-25 10:00:00,645.3,258,10209,346,35.43194,-82.5375,GHCND:USW00003812,ASHEVILLE REGIONAL AIRPORT NC US
2010-01-25 11:00:00,645.3,260,10209,377,35.43194,-82.5375,GHCND:USW00003812,ASHEVILLE REGIONAL AIRPORT NC US
2010-01-25 12:00:00,645.3,257,10202,406,35.43194,-82.5375,GHCND:USW00003812,ASHEVILLE REGIONAL AIRPORT NC US
2010-01-25 13:00:00,645.3,255,10191,427,35.43194,-82.5375,GHCND:USW00003812,ASHEVILLE REGIONAL AIRPORT NC US
2010-01-25 14:00:00,645.3,252,10183,444,35.43194,-82.5375,GHCND:USW00003812,ASHEVILLE REGIONAL AIRPORT NC US
2010-01-25 15:00:00,645.3,251,10179,450,35.43194,-82.5375,GHCND:USW00003812,ASHEVILLE REGIONAL AIRPORT NC US
2010-01-25 16:00:00,645.3,250,10180,448,35.43194,-82.5375,GHCND:USW00003812,ASHEVILLE REGIONAL AIRPORT NC US
2010-01-25 17:00:00,645.3,251,10184,435,35.43194,-82.5375,GHCND:USW00003812,ASHEVILLE REGIONAL AIRPORT NC US
2010-01-25 18:00:00,645.3,253,10190,407,35.43194,-82.5375,GHCND:USW00003812,ASHEVILLE REGIONAL AIRPORT NC US
2010-01-25 19:00:00,645.3,256,10195,386,35.43194,-82.5375,GHCND:USW00003812,ASHEVILLE REGIONAL AIRPORT NC US
2010-01-25 20:00:00,645.3,258,10198,372,35.43194,-82.5375,GHCND:USW00003812,ASHEVILLE REGIONAL AIRPORT NC US
2010-01-25 21:00:00,645.3,259,10199,358,35.43194,-82.5375,GHCND:USW00003812,ASHEVILLE REGIONAL AIRPORT NC US
2010-01-25 22:00:00,645.3,258,10199,348,35.43194,-82.5375,GHCND:USW00003812,ASHEVILLE REGIONAL AIRPORT NC US
2010-01-25 23:00:00,645.3,259,10198,340,35.43194,-82.5375,GHCND:USW00003812,ASHEVILLE REGIONAL AIRPORT NC US
2010-01-26 00:00:00,645.3,257,10197,331,35.43194,-82.5375,GHCND:USW00003812,ASHEVILLE REGIONAL AIRPORT NC US
2010-01-26 01:00:00,645.3,256,10193,325,35.43194,-82.5375,GHCND:USW00003812,ASHEVILLE REGIONAL AIRPORT NC US
2010-01-26 02:00:00,645.3,255,10192,319,35.43194,-82.5375,GHCND:USW00003812,ASHEVILLE REGIONAL AIRPORT NC US
2010-01-26 03:00:00,645.3,252,10192,315,35.43194,-82.5375,GHCND:USW00003812,ASHEVILLE REGIONAL AIRPORT NC US
2010-01-26 04:00:00,645.3,251,10190,310,35.43194,-82.5375,GHCND:USW00003812,ASHEVILLE REGIONAL AIRPORT NC US
2010-01-26 05:00:00,645.3,250,10191,307,35.43194,-82.5375,GHCND:USW00003812,ASHEVILLE REGIONAL AIRPORT NC US
2010-01-26 06:00:00,645.3,248,10194,303,35.43194,-82.5375,GHCND:USW00003812,ASHEVILLE REGIONAL AIRPORT NC US
2010-01-26 07:00:00,645.3,247,10198,301,35.43194,-82.5375,GHCND:USW00003812,ASHEVILLE REGIONAL AIRPORT NC US
2010-01-26 08:00:00,645.3,248,10203,300,35.43194,-82.5375,GHCND:USW00003812,ASHEVILLE REGIONAL AIRPORT NC US
2010-01-26 09:00:00,645.3,256,10206,321,35.43194,-82.5375,GHCND:USW00003812,ASHEVILLE REGIONAL AIRPORT NC US
2010-01-26 10:00:00,645.3,261,10208,349,35.43194,-82.5375,GHCND:USW00003812,ASHEVILLE REGIONAL AIRPORT NC US
2010-01-26 11:00:00,645.3,262,10208,381,35.43194,-82.5375,GHCND:USW00003812,ASHEVILLE REGIONAL AIRPORT NC US
2010-01-26 12:00:00,645.3,259,10202,410,35.43194,-82.5375,GHCND:USW00003812,ASHEVILLE REGIONAL AIRPORT NC US
2010-01-26 13:00:00,645.3,258,10191,431,35.43194,-82.5375,GHCND:USW00003812,ASHEVILLE REGIONAL AIRPORT NC US
2010-01-26 14:00:00,645.3,256,10182,448,35.43194,-82.5375,GHCND:USW00003812,ASHEVILLE REGIONAL AIRPORT NC US
2010-01-26 15:00:00,645.3,254,10179,454,35.43194,-82.5375,GHCND:USW00003812,ASHEVILLE REGIONAL AIRPORT NC US
2010-01-26 16:00:00,645.3,253,10180,451,35.43194,-82.5375,GHCND:USW00003812,ASHEVILLE REGIONAL AIRPORT NC US
2010-01-26 17:00:00,645.3,254,10184,438,35.43194,-82.5375,GHCND:USW00003812,ASHEVILLE REGIONAL AIRPORT NC US
2010-01-26 18:00:00,645.3,256,10190,410,35.43194,-82.5375,GHCND:USW00003812,ASHEVILLE REGIONAL AIRPORT NC US
2010-01-26 19:00:00,645.3,259,10195,389,35.43194,-82.5375,GHCND:USW00003812,ASHEVILLE REGIONAL AIRPORT NC US
2010-01-26 20:00:00,645.3,261,10198,374,35.43194,-82.5375,GHCND:USW00003812,ASHEVILLE REGIONAL AIRPORT NC US
2010-01-26 21:00:00,645.3,261,10199,360,35.43194,-82.5375,GHCND:USW00003812,ASHEVILLE REGIONAL AIRPORT NC US
2010-01-26 22:00:00,645.3,261,10199,349,35.43194,-82.5375,GHCND:USW00003812,ASHEVILLE REGIONAL AIRPORT NC US
2010-01-26 23:00:00,645.3,261,10199,341,35.43194,-82.5375,GHCND:USW00003812,ASHEVILLE REGIONAL AIRPORT NC US
2010-01-27 00:00:00,645.3,259,10197,332,35.43194,-82.5375,GHCND:USW00003812,ASHEVILLE REGIONAL AIRPORT NC US
2010-01-27 01:00:00,645.3,258,10194,325,35.43194,-82.5375,GHCND:USW00003812,ASHEVILLE REGIONAL AIRPORT NC US
2010-01-27 02:00:00,645.3,257,10192,319,35.43194,-82.5375,GHCND:USW00003812,ASHEVILLE REGIONAL AIRPORT NC US
2010-01-27 03:00:00,645.3,254,10192,314,35.43194,-82.5375,GHCND:USW00003812,ASHEVILLE REGIONAL AIRPORT NC US
2010-01-27 04:00:00,645.3,253,10191,309,35.43194,-82.5375,GHCND:USW00003812,ASHEVILLE REGIONAL AIRPORT NC US
2010-01-27 05:00:00,645.3,252,10191,306,35.43194,-82.5375,GHCND:USW00003812,ASHEVILLE REGIONAL AIRPORT NC US
2010-01-27 06:00:00,645.3,250,10195,302,35.43194,-82.5375,GHCND:USW00003812,ASHEVILLE REGIONAL AIRPORT NC US
2010-01-27 07:00:00,645.3,248,10199,301,35.43194,-82.5375,GHCND:USW00003812,ASHEVILLE REGIONAL AIRPORT NC US
2010-01-27 08:00:00,645.3,249,10204,301,35.43194,-82.5375,GHCND:USW00003812,ASHEVILLE REGIONAL AIRPORT NC US
2010-01-27 09:00:00,645.3,258,10207,322,35.43194,-82.5375,GHCND:USW00003812,ASHEVILLE REGIONAL AIRPORT NC US
2010-01-27 10:00:00,645.3,263,10209,352,35.43194,-82.5375,GHCND:USW00003812,ASHEVILLE REGIONAL AIRPORT NC US
2010-01-27 11:00:00,645.3,265,10209,384,35.43194,-82.5375,GHCND:USW00003812,ASHEVILLE REGIONAL AIRPORT NC US
2010-01-27 12:00:00,645.3,262,10202,414,35.43194,-82.5375,GHCND:USW00003812,ASHEVILLE REGIONAL AIRPORT NC US
2010-01-27 13:00:00,645.3,261,10192,436,35.43194,-82.5375,GHCND:USW00003812,ASHEVILLE REGIONAL AIRPORT NC US
2010-01-27 14:00:00,645.3,259,10183,453,35.43194,-82.5375,GHCND:USW00003812,ASHEVILLE REGIONAL AIRPORT NC US
2010-01-27 15:00:00,645.3,258,10179,459,35.43194,-82.5375,GHCND:USW00003812,ASHEVILLE REGIONAL AIRPORT NC US
2010-01-27 16:00:00,645.3,257,10180,457,35.43194,-82.5375,GHCND:USW00003812,ASHEVILLE REGIONAL AIRPORT NC US
2010-01-27 17:00:00,645.3,258,10184,443,35.43194,-82.5375,GHCND:USW00003812,ASHEVILLE REGIONAL AIRPORT NC US
2010-01-27 18:00:00,645.3,260,10190,416,35.43194,-82.5375,GHCND:USW00003812,ASHEVILLE REGIONAL AIRPORT NC US
2010-01-27 19:00:00,645.3,263,10196,393,35.43194,-82.5375,GHCND:USW00003812,ASHEVILLE REGIONAL AIRPORT NC US
2010-01-27 20:00:00,645.3,265,10199,378,35.43194,-82.5375,GHCND:USW00003812,ASHEVILLE REGIONAL AIRPORT NC US
2010-01-27 21:00:00,645.3,265,10200,364,35.43194,-82.5375,GHCND:USW00003812,ASHEVILLE REGIONAL AIRPORT NC US
2010-01-27 22:00:00,645.3,264,10200,353,35.43194,-82.5375,GHCND:USW00003812,ASHEVILLE REGIONAL AIRPORT NC US
2010-01-27 23:00:00,645.3,265,10199,344,35.43194,-82.5375,GHCND:USW00003812,ASHEVILLE REGIONAL AIRPORT NC US
2010-01-28 00:00:00,645.3,264,10197,335,35.43194,-82.5375,GHCND:USW00003812,ASHEVILLE REGIONAL AIRPORT NC US
2010-01-28 01:00:00,645.3,263,10194,328,35.43194,-82.5375,GHCND:USW00003812,ASHEVILLE REGIONAL AIRPORT NC US
2010-01-28 02:00:00,645.3,261,10193,323,35.43194,-82.5375,GHCND:USW00003812,ASHEVILLE REGIONAL AIRPORT NC US
2010-01-28 03:00:00,645.3,259,10192,318,35.43194,-82.5375,GHCND:USW00003812,ASHEVILLE REGIONAL AIRPORT NC US
2010-01-28 04:00:00,645.3,258,10191,313,35.43194,-82.5375,GHCND:USW00003812,ASHEVILLE REGIONAL AIRPORT NC US
2010-01-28 05:00:00,645.3,256,10191,310,35.43194,-82.5375,GHCND:USW00003812,ASHEVILLE REGIONAL AIRPORT NC US
2010-01-28 06:00:00,645.3,254,10195,306,35.43194,-82.5375,GHCND:USW00003812,ASHEVILLE REGIONAL AIRPORT NC US
2010-01-28 07:00:00,645.3,251,10200,304,35.43194,-82.5375,GHCND:USW00003812,ASHEVILLE REGIONAL AIRPORT NC US
2010-01-28 08:00:00,645.3,253,10204,304,35.43194,-82.5375,GHCND:USW00003812,ASHEVILLE REGIONAL AIRPORT NC US
2010-01-28 09:00:00,645.3,262,10207,326,35.43194,-82.5375,GHCND:USW00003812,ASHEVILLE REGIONAL AIRPORT NC US
2010-01-28 10:00:00,645.3,267,10209,356,35.43194,-82.5375,GHCND:USW00003812,ASHEVILLE REGIONAL AIRPORT NC US
2010-01-28 11:00:00,645.3,268,10209,388,35.43194,-82.5375,GHCND:USW00003812,ASHEVILLE REGIONAL AIRPORT NC US
2010-01-28 12:00:00,645.3,265,10202,417,35.43194,-82.5375,GHCND:USW00003812,ASHEVILLE REGIONAL AIRPORT NC US
2010-01-28 13:00:00,645.3,263,10192,438,35.43194,-82.5375,GHCND:USW00003812,ASHEVILLE REGIONAL AIRPORT NC US
2010-01-28 14:00:00,645.3,261,10183,455,35.43194,-82.5375,GHCND:USW00003812,ASHEVILLE REGIONAL AIRPORT NC US
2010-01-28 15:00:00,645.3,260,10179,461,35.43194,-82.5375,GHCND:USW00003812,ASHEVILLE REGIONAL AIRPORT NC US
2010-01-28 16:00:00,645.3,259,10180,459,35.43194,-82.5375,GHCND:USW00003812,ASHEVILLE REGIONAL AIRPORT NC US
2010-01-28 17:00:00,645.3,260,10184,446,35.43194,-82.5375,GHCND:USW00003812,ASHEVILLE REGIONAL AIRPORT NC US
2010-01-28 18:00:00,645.3,261,10190,418,35.43194,-82.5375,GHCND:USW00003812,ASHEVILLE REGIONAL AIRPORT NC US
2010-01-28 19:00:00,645.3,264,10196,395,35.43194,-82.5375,GHCND:USW00003812,ASHEVILLE REGIONAL AIRPORT NC US
2010-01-28 20:00:00,645.3,265,10199,379,35.43194,-82.5375,GHCND:USW00003812,ASHEVILLE REGIONAL AIRPORT NC US
2010-01-28 21:00:00,645.3,265,10200,366,35.43194,-82.5375,GHCND:USW00003812,ASHEVILLE REGIONAL AIRPORT NC US
2010-01-28 22:00:00,645.3,265,10200,355,35.43194,-82.5375,GHCND:USW00003812,ASHEVILLE REGIONAL AIRPORT NC US
2010-01-28 23:00:00,645.3,265,10200,346,35.43194,-82.5375,GHCND:USW00003812,ASHEVILLE REGIONAL AIRPORT NC US
2010-01-29 00:00:00,645.3,264,10198,337,35.43194,-82.5375,GHCND:USW00003812,ASHEVILLE REGIONAL AIRPORT NC US
2010-01-29 01:00:00,645.3,263,10195,330,35.43194,-82.5375,GHCND:USW00003812,ASHEVILLE REGIONAL AIRPORT NC US
2010-01-29 02:00:00,645.3,262,10193,325,35.43194,-82.5375,GHCND:USW00003812,ASHEVILLE REGIONAL AIRPORT NC US
2010-01-29 03:00:00,645.3,260,10193,320,35.43194,-82.5375,GHCND:USW00003812,ASHEVILLE REGIONAL AIRPORT NC US
2010-01-29 04:00:00,645.3,259,10192,315,35.43194,-82.5375,GHCND:USW00003812,ASHEVILLE REGIONAL AIRPORT NC US
2010-01-29 05:00:00,645.3,257,10192,311,35.43194,-82.5375,GHCND:USW00003812,ASHEVILLE REGIONAL AIRPORT NC US
2010-01-29 06:00:00,645.3,254,10195,307,35.43194,-82.5375,GHCND:USW00003812,ASHEVILLE REGIONAL AIRPORT NC US
2010-01-29 07:00:00,645.3,252,10200,305,35.43194,-82.5375,GHCND:USW00003812,ASHEVILLE REGIONAL AIRPORT NC US
2010-01-29 08:00:00,645.3,253,10205,304,35.43194,-82.5375,GHCND:USW00003812,ASHEVILLE REGIONAL AIRPORT NC US
2010-01-29 09:00:00,645.3,263,10208,327,35.43194,-82.5375,GHCND:USW00003812,ASHEVILLE REGIONAL AIRPORT NC US
2010-01-29 10:00:00,645.3,268,10209,357,35.43194,-82.5375,GHCND:USW00003812,ASHEVILLE REGIONAL AIRPORT NC US
2010-01-29 11:00:00,645.3,268,10209,390,35.43194,-82.5375,GHCND:USW00003812,ASHEVILLE REGIONAL AIRPORT NC US
2010-01-29 12:00:00,645.3,265,10203,418,35.43194,-82.5375,GHCND:USW00003812,ASHEVILLE REGIONAL AIRPORT NC US
2010-01-29 13:00:00,645.3,262,10192,439,35.43194,-82.5375,GHCND:USW00003812,ASHEVILLE REGIONAL AIRPORT NC US
2010-01-29 14:00:00,645.3,260,10183,456,35.43194,-82.5375,GHCND:USW00003812,ASHEVILLE REGIONAL AIRPORT NC US
2010-01-29 15:00:00,645.3,259,10179,462,35.43194,-82.5375,GHCND:USW00003812,ASHEVILLE REGIONAL AIRPORT NC US
2010-01-29 16:00:00,645.3,259,10180,460,35.43194,-82.5375,GHCND:USW00003812,ASHEVILLE REGIONAL AIRPORT NC US
2010-01-29 17:00:00,645.3,259,10184,447,35.43194,-82.5375,GHCND:USW00003812,ASHEVILLE REGIONAL AIRPORT NC US
2010-01-29 18:00:00,645.3,261,10190,419,35.43194,-82.5375,GHCND:USW00003812,ASHEVILLE REGIONAL AIRPORT NC US
2010-01-29 19:00:00,645.3,263,10195,397,35.43194,-82.5375,GHCND:USW00003812,ASHEVILLE REGIONAL AIRPORT NC US
2010-01-29 20:00:00,645.3,264,10199,381,35.43194,-82.5375,GHCND:USW00003812,ASHEVILLE REGIONAL AIRPORT NC US
2010-01-29 21:00:00,645.3,264,10200,367,35.43194,-82.5375,GHCND:USW00003812,ASHEVILLE REGIONAL AIRPORT NC US
2010-01-29 22:00:00,645.3,265,10200,356,35.43194,-82.5375,GHCND:USW00003812,ASHEVILLE REGIONAL AIRPORT NC US
2010-01-29 23:00:00,645.3,265,10199,346,35.43194,-82.5375,GHCND:USW00003812,ASHEVILLE REGIONAL AIRPORT NC US
2010-01-30 00:00:00,645.3,264,10197,338,35.43194,-82.5375,GHCND:USW00003812,ASHEVILLE REGIONAL AIRPORT NC US
2010-01-30 01:00:00,645.3,263,10194,331,35.43194,-82.5375,GHCND:USW00003812,ASHEVILLE REGIONAL AIRPORT NC US
2010-01-30 02:00:00,645.3,262,10192,325,35.43194,-82.5375,GHCND:USW00003812,ASHEVILLE REGIONAL AIRPORT NC US
2010-01-30 03:00:00,645.3,259,10192,320,35.43194,-82.5375,GHCND:USW00003812,ASHEVILLE REGIONAL AIRPORT NC US
2010-01-30 04:00:00,645.3,258,10191,315,35.43194,-82.5375,GHCND:USW00003812,ASHEVILLE REGIONAL AIRPORT NC US
2010-01-30 05:00:00,645.3,256,10191,311,35.43194,-82.5375,GHCND:USW00003812,ASHEVILLE REGIONAL AIRPORT NC US
2010-01-30 06:00:00,645.3,253,10195,307,35.43194,-82.5375,GHCND:USW00003812,ASHEVILLE REGIONAL AIRPORT NC US
2010-01-30 07:00:00,645.3,251,10199,305,35.43194,-82.5375,GHCND:USW00003812,ASHEVILLE REGIONAL AIRPORT NC US
2010-01-30 08:00:00,645.3,253,10205,305,35.43194,-82.5375,GHCND:USW00003812,ASHEVILLE REGIONAL AIRPORT NC US
2010-01-30 09:00:00,645.3,263,10208,327,35.43194,-82.5375,GHCND:USW00003812,ASHEVILLE REGIONAL AIRPORT NC US
2010-01-30 10:00:00,645.3,267,10209,358,35.43194,-82.5375,GHCND:USW00003812,ASHEVILLE REGIONAL AIRPORT NC US
2010-01-30 11:00:00,645.3,267,10208,391,35.43194,-82.5375,GHCND:USW00003812,ASHEVILLE REGIONAL AIRPORT NC US
2010-01-30 12:00:00,645.3,263,10202,419,35.43194,-82.5375,GHCND:USW00003812,ASHEVILLE REGIONAL AIRPORT NC US
2010-01-30 13:00:00,645.3,261,10192,440,35.43194,-82.5375,GHCND:USW00003812,ASHEVILLE REGIONAL AIRPORT NC US
2010-01-30 14:00:00,645.3,259,10183,457,35.43194,-82.5375,GHCND:USW00003812,ASHEVILLE REGIONAL AIRPORT NC US
2010-01-30 15:00:00,645.3,258,10179,463,35.43194,-82.5375,GHCND:USW00003812,ASHEVILLE REGIONAL AIRPORT NC US
2010-01-30 16:00:00,645.3,259,10180,461,35.43194,-82.5375,GHCND:USW00003812,ASHEVILLE REGIONAL AIRPORT NC US
2010-01-30 17:00:00,645.3,260,10184,448,35.43194,-82.5375,GHCND:USW00003812,ASHEVILLE REGIONAL AIRPORT NC US
2010-01-30 18:00:00,645.3,261,10190,421,35.43194,-82.5375,GHCND:USW00003812,ASHEVILLE REGIONAL AIRPORT NC US
2010-01-30 19:00:00,645.3,264,10195,398,35.43194,-82.5375,GHCND:USW00003812,ASHEVILLE REGIONAL AIRPORT NC US
2010-01-30 20:00:00,645.3,264,10198,382,35.43194,-82.5375,GHCND:USW00003812,ASHEVILLE REGIONAL AIRPORT NC US
2010-01-30 21:00:00,645.3,265,10199,369,35.43194,-82.5375,GHCND:USW00003812,ASHEVILLE REGIONAL AIRPORT NC US
2010-01-30 22:00:00,645.3,265,10199,357,35.43194,-82.5375,GHCND:USW00003812,ASHEVILLE REGIONAL AIRPORT NC US
2010-01-30 23:00:00,645.3,266,10198,348,35.43194,-82.5375,GHCND:USW00003812,ASHEVILLE REGIONAL AIRPORT NC US
2010-01-31 00:00:00,645.3,265,10197,339,35.43194,-82.5375,GHCND:USW00003812,ASHEVILLE REGIONAL AIRPORT NC US
2010-01-31 01:00:00,645.3,264,10194,332,35.43194,-82.5375,GHCND:USW00003812,ASHEVILLE REGIONAL AIRPORT NC US
2010-01-31 02:00:00,645.3,263,10192,327,35.43194,-82.5375,GHCND:USW00003812,ASHEVILLE REGIONAL AIRPORT NC US
2010-01-31 03:00:00,645.3,260,10191,321,35.43194,-82.5375,GHCND:USW00003812,ASHEVILLE REGIONAL AIRPORT NC US
2010-01-31 04:00:00,645.3,259,10191,317,35.43194,-82.5375,GHCND:USW00003812,ASHEVILLE REGIONAL AIRPORT NC US
2010-01-31 05:00:00,645.3,257,10191,312,35.43194,-82.5375,GHCND:USW00003812,ASHEVILLE REGIONAL AIRPORT NC US
2010-01-31 06:00:00,645.3,254,10194,308,35.43194,-82.5375,GHCND:USW00003812,ASHEVILLE REGIONAL AIRPORT NC US
2010-01-31 07:00:00,645.3,252,10199,306,35.43194,-82.5375,GHCND:USW00003812,ASHEVILLE REGIONAL AIRPORT NC US
2010-01-31 08:00:00,645.3,253,10205,306,35.43194,-82.5375,GHCND:USW00003812,ASHEVILLE REGIONAL AIRPORT NC US
2010-01-31 09:00:00,645.3,263,10208,329,35.43194,-82.5375,GHCND:USW00003812,ASHEVILLE REGIONAL AIRPORT NC US
2010-01-31 10:00:00,645.3,268,10209,360,35.43194,-82.5375,GHCND:USW00003812,ASHEVILLE REGIONAL AIRPORT NC US
2010-01-31 11:00:00,645.3,267,10208,393,35.43194,-82.5375,GHCND:USW00003812,ASHEVILLE REGIONAL AIRPORT NC US
2010-01-31 12:00:00,645.3,264,10202,421,35.43194,-82.5375,GHCND:USW00003812,ASHEVILLE REGIONAL AIRPORT NC US
2010-01-31 13:00:00,645.3,260,10192,441,35.43194,-82.5375,GHCND:USW00003812,ASHEVILLE REGIONAL AIRPORT NC US
2010-01-31 14:00:00,645.3,259,10183,458,35.43194,-82.5375,GHCND:USW00003812,ASHEVILLE REGIONAL AIRPORT NC US
2010-01-31 15:00:00,645.3,257,10179,465,35.43194,-82.5375,GHCND:USW00003812,ASHEVILLE REGIONAL AIRPORT NC US
2010-01-31 16:00:00,645.3,258,10180,462,35.43194,-82.5375,GHCND:USW00003812,ASHEVILLE REGIONAL AIRPORT NC US
2010-01-31 17:00:00,645.3,259,10184,449,35.43194,-82.5375,GHCND:USW00003812,ASHEVILLE REGIONAL AIRPORT NC US
2010-01-31 18:00:00,645.3,261,10190,422,35.43194,-82.5375,GHCND:USW00003812,ASHEVILLE REGIONAL AIRPORT NC US
2010-01-31 19:00:00,645.3,263,10195,399,35.43194,-82.5375,GHCND:USW00003812,ASHEVILLE REGIONAL AIRPORT NC US
2010-01-31 20:00:00,645.3,264,10199,382,35.43194,-82.5375,GHCND:USW00003812,ASHEVILLE REGIONAL AIRPORT NC US
2010-01-31 21:00:00,645.3,265,10200,369,35.43194,-82.5375,GHCND:USW00003812,ASHEVILLE REGIONAL AIRPORT NC US
2010-01-31 22:00:00,645.3,265,10200,357,35.43194,-82.5375,GHCND:USW00003812,ASHEVILLE REGIONAL AIRPORT NC US
2010-01-31 23:00:00,645.3,265,10200,347,35.43194,-82.5375,GHCND:USW00003812,ASHEVILLE REGIONAL AIRPORT NC US
