date,delay,destination,distance,origin
2001-01-14 21:55:00,0,SMF,480,SAN
2001-03-26 20:15:00,-11,SLC,507,PHX
2001-03-05 14:55:00,-3,LAX,714,ELP
2001-01-07 12:30:00,12,SNA,342,SJC
2001-01-18 12:00:00,2,LAX,373,SMF
2001-01-19 20:14:00,47,AUS,189,DAL
2001-03-29 14:05:00,3,PHX,872,AUS
2001-03-08 09:53:00,-4,OAK,723,GEG
2001-01-04 07:20:00,4,JAX,318,FLL
2001-02-25 11:30:00,0,LAS,487,ABQ
2001-02-04 20:25:00,18,DAL,239,HOU
2001-02-05 20:10:00,-7,HOU,453,TUL
2001-03-13 06:45:00,-10,SMF,605,SEA
2001-02-02 15:52:00,23,SAN,417,SJC
2001-01-22 15:33:00,7,LAS,368,SLC
2001-01-04 06:48:00,-17,MDW,838,MHT
2001-03-28 08:23:00,14,MCI,223,TUL
2001-02-18 19:20:00,-4,MDW,162,IND
2001-01-29 18:50:00,-3,RNO,422,SLC
2001-02-01 14:06:00,15,SAT,192,HOU
2001-01-24 13:30:00,-5,PDX,279,GEG
2001-03-06 13:50:00,-20,BNA,907,PVD
2001-03-09 06:25:00,2,BOI,399,SEA
2001-01-25 10:30:00,-16,LAX,337,OAK
2001-02-05 21:15:00,-4,LAS,256,PHX
2001-01-20 19:45:00,-15,MDW,1444,PHX
2001-01-12 19:21:00,43,SAT,1069,LAS
2001-03-18 07:50:00,-15,TUL,351,STL
2001-03-13 11:35:00,166,PVD,1073,MCO
2001-02-16 21:10:00,3,DAL,580,ABQ
2001-01-16 17:25:00,2,LAS,2106,BWI
2001-02-07 17:45:00,38,BHM,321,MSY
2001-01-06 06:45:00,0,SMF,605,SEA
2001-01-12 13:25:00,14,TUL,237,DAL
2001-03-14 07:25:00,-10,SLC,368,LAS
2001-01-02 07:30:00,10,LAX,308,SJC
2001-03-23 13:30:00,17,MDW,307,CLE
2001-03-21 20:02:00,30,LAX,337,OAK
2001-03-07 20:00:00,20,BWI,314,CLE
2001-03-28 09:30:00,0,BWI,314,CLE
2001-01-02 11:20:00,-12,TPA,487,MSY
2001-03-16 13:40:00,37,HOU,303,MSY
2001-01-30 09:30:00,-4,BWI,281,BUF
2001-02-19 17:05:00,0,PVD,108,ISP
2001-02-20 20:20:00,-2,TUL,453,HOU
2001-01-15 13:55:00,-3,LAX,390,RNO
2001-02-20 16:55:00,-8,TPA,197,FLL
2001-03-09 21:05:00,-19,PDX,630,SLC
2001-01-22 19:32:00,-4,AUS,528,ELP
2001-02-20 21:10:00,-1,TPA,842,BWI
2001-03-17 09:00:00,-5,MSY,487,TPA
2001-03-08 07:55:00,-2,SAT,192,HOU
2001-01-31 15:30:00,-20,SLC,1156,STL
2001-01-29 20:25:00,-10,PHX,304,SAN
2001-01-31 09:30:00,3,HOU,239,DAL
2001-03-06 15:53:00,12,OAK,337,LAX
2001-01-21 13:53:00,4,ABQ,328,PHX
2001-02-07 17:00:00,-4,HOU,677,ELP
2001-02-03 19:42:00,9,LAX,236,LAS
2001-02-03 14:25:00,-7,SMF,480,SAN
2001-02-13 19:18:00,36,RNO,335,BOI
2001-02-13 12:17:00,28,CLE,487,STL
2001-01-13 14:12:00,38,PDX,444,RNO
2001-02-19 13:05:00,13,JAX,180,TPA
2001-01-03 11:40:00,-19,MCO,1040,SAT
2001-02-28 15:45:00,112,DTW,229,MDW
2001-02-27 21:57:00,115,BDL,777,MDW
2001-01-26 07:00:00,7,PHX,328,ABQ
2001-03-13 06:05:00,-10,SAN,258,LAS
2001-01-11 17:10:00,0,BHM,570,HOU
2001-01-07 09:18:00,9,PHX,347,ELP
2001-02-07 20:14:00,46,MDW,162,IND
2001-03-12 15:50:00,0,SDF,271,MDW
2001-03-23 08:15:00,-8,BWI,1999,PHX
2001-02-20 16:05:00,13,SLC,590,LAX
2001-01-22 07:30:00,-16,SMF,647,PHX
2001-03-21 13:53:00,22,AUS,756,BNA
2001-02-23 06:30:00,8,STL,237,MCI
2001-02-19 07:00:00,0,MCI,1072,MCO
2001-02-17 19:28:00,3,MDW,405,MCI
2001-01-15 07:00:00,-5,CMH,284,MDW
2001-02-17 07:30:00,0,MCO,787,BWI
2001-01-13 10:15:00,0,ELP,528,AUS
2001-01-06 07:00:00,18,CLE,314,BWI
2001-01-01 16:30:00,-3,BUR,358,SMF
2001-01-19 20:40:00,5,SJC,188,RNO
2001-03-24 12:55:00,-8,SDF,271,MDW
2001-01-24 11:45:00,-5,DAL,319,MAF
2001-01-11 06:30:00,-3,MCI,405,MDW
2001-02-17 20:05:00,-5,SJC,621,PHX
2001-02-05 15:15:00,-10,LAS,236,LAX
2001-03-10 09:30:00,0,ONT,1751,BNA
2001-03-07 11:11:00,24,SAN,304,PHX
2001-01-27 07:35:00,5,LAS,345,RNO
2001-02-27 09:05:00,-7,TPA,487,MSY
2001-03-12 09:08:00,0,SAT,192,HOU
2001-01-28 15:14:00,12,PBI,758,BNA
2001-02-03 17:15:00,2,OMA,342,STL
2001-01-20 15:00:00,-12,OAK,337,LAX
2001-01-08 22:20:00,77,BUR,223,LAS
2001-02-20 18:40:00,-5,BWI,888,JAN
2001-01-24 06:20:00,3,ONT,389,SMF
2001-02-10 13:45:00,-3,LBB,293,DAL
2001-02-14 09:05:00,15,LAS,1235,HOU
2001-03-12 19:15:00,3,MCO,178,FLL
2001-01-26 21:17:00,26,MSY,550,MCO
2001-01-28 15:00:00,9,BUR,369,PHX
2001-03-17 18:35:00,-2,SLC,507,PHX
2001-01-30 06:30:00,14,BHM,682,BWI
2001-03-03 14:34:00,15,MCO,616,BNA
2001-03-25 07:00:00,-10,OAK,361,ONT
2001-02-26 10:45:00,-2,MCO,787,BWI
2001-01-02 06:50:00,5,SEA,399,BOI
2001-03-31 12:40:00,59,MCO,828,IND
2001-01-25 19:40:00,0,LAX,1814,IND
2001-01-10 11:20:00,20,MSY,303,HOU
2001-03-28 07:10:00,-8,MDW,251,STL
2001-02-15 15:05:00,5,LAX,337,OAK
2001-02-16 20:10:00,32,LAX,1363,MCI
2001-02-06 14:55:00,-5,ALB,288,BWI
2001-01-08 20:40:00,14,BNA,616,MCO
2001-01-03 16:10:00,12,SMF,358,BUR
2001-03-05 18:00:00,-6,SDF,271,MDW
2001-03-18 19:41:00,19,BWI,328,PVD
2001-01-30 08:30:00,-3,DAL,239,HOU
2001-02-08 14:10:00,-6,SAN,480,SMF
2001-01-03 15:20:00,8,LAS,796,MAF
2001-02-05 17:10:00,-7,ONT,325,PHX
2001-02-25 11:10:00,-7,BHM,321,MSY
2001-02-22 07:40:00,-3,DAL,248,SAT
2001-03-12 20:00:00,10,MCI,718,ABQ
2001-02-18 14:40:00,10,SAN,304,PHX
2001-03-01 18:15:00,12,ONT,197,LAS
2001-03-02 10:17:00,13,OAK,588,SLC
2001-03-27 16:07:00,6,ONT,325,PHX
2001-01-01 12:55:00,-1,SAN,447,SFO
2001-03-06 12:00:00,5,MCI,1479,SJC
2001-01-28 07:30:00,-18,MCO,787,BWI
2001-03-10 18:00:00,-10,SDF,271,MDW
2001-03-15 15:00:00,0,LAS,197,ONT
2001-01-23 08:45:00,-1,PBI,142,MCO
2001-03-31 20:35:00,56,TPA,587,RDU
2001-03-15 17:55:00,0,TUL,237,DAL
2001-03-03 13:35:00,24,PHX,328,ABQ
2001-02-01 17:00:00,-2,AUS,148,HOU
2001-01-19 11:50:00,-5,DAL,189,AUS
2001-01-05 19:59:00,51,BWI,288,ALB
2001-01-01 17:21:00,3,CMH,284,MDW
2001-02-19 20:20:00,-3,BDL,283,BWI
2001-01-08 16:09:00,-3,OKC,833,PHX
2001-02-02 15:54:00,13,BWI,283,BDL
2001-03-12 10:10:00,-2,BWI,495,SDF
2001-02-04 18:25:00,6,SMF,1442,MCI
2001-03-07 14:15:00,30,OMA,1037,PHX
2001-03-23 08:29:00,6,BWI,328,PVD
2001-03-02 08:15:00,7,MAF,319,DAL
2001-03-08 14:55:00,-3,STL,229,IND
2001-03-26 08:35:00,0,GEG,279,PDX
2001-02-22 09:55:00,-5,STL,687,HOU
2001-02-23 19:32:00,72,BWI,314,CLE
2001-02-25 11:20:00,-3,SAT,248,DAL
2001-02-17 11:35:00,-3,STL,410,CMH
2001-03-05 14:10:00,45,LAS,258,SAN
2001-02-13 16:30:00,-1,AUS,189,DAL
2001-03-18 10:55:00,-12,STL,687,HOU
2001-03-07 17:54:00,9,OAK,361,ONT
2001-02-23 13:38:00,9,JAX,484,BNA
2001-01-06 18:45:00,0,MSY,550,MCO
2001-01-27 15:00:00,2,TPA,197,FLL
2001-03-25 18:18:00,24,LAS,407,OAK
2001-01-13 15:25:00,5,TPA,842,BWI
2001-01-12 09:35:00,-23,TPA,1137,PVD
2001-03-27 16:15:00,3,LAX,236,LAS
2001-03-20 14:35:00,6,MDW,229,DTW
2001-02-16 18:58:00,60,HOU,239,DAL
2001-01-10 08:30:00,3,LAX,337,OAK
2001-03-14 09:15:00,-7,TPA,829,CMH
2001-01-03 18:00:00,72,RNO,390,LAX
2001-02-03 13:25:00,-22,LAX,677,ABQ
2001-02-22 13:52:00,45,OAK,361,ONT
2001-01-11 11:15:00,12,ELP,677,HOU
2001-03-25 16:10:00,12,SMF,358,BUR
2001-03-23 16:00:00,0,PVD,328,BWI
2001-01-24 21:22:00,5,LIT,296,DAL
2001-02-15 15:57:00,82,LAS,256,PHX
2001-03-21 14:50:00,1,TPA,174,PBI
2001-01-25 21:03:00,5,SEA,224,GEG
2001-03-28 10:15:00,8,STL,237,MCI
2001-03-29 20:13:00,32,MDW,1166,FLL
2001-01-22 17:20:00,3,SLC,291,BOI
2001-03-16 17:00:00,55,MDW,284,CMH
2001-03-01 16:29:00,47,PHX,256,LAS
2001-01-17 18:44:00,12,LAX,337,OAK
2001-02-28 06:10:00,2,SJC,188,RNO
2001-02-23 16:15:00,-5,SFO,447,SAN
2001-01-14 20:30:00,0,JAX,663,BWI
2001-03-13 15:05:00,9,SAT,496,ELP
2001-01-22 06:30:00,0,SEA,224,GEG
2001-01-07 09:40:00,-7,BWI,328,PVD
2001-01-07 09:10:00,-11,PHX,304,SAN
2001-03-16 13:15:00,-5,LAS,258,SAN
2001-01-26 12:05:00,53,MCO,1073,PVD
2001-01-30 07:00:00,-2,RNO,345,LAS
2001-03-12 11:40:00,-23,PHX,1489,IND
2001-01-30 16:00:00,10,HOU,276,HRL
2001-03-10 14:10:00,0,ELP,496,SAT
2001-03-28 12:00:00,-5,LAX,337,OAK
2001-01-15 09:20:00,4,SAN,446,OAK
2001-03-06 22:39:00,39,OAK,337,LAX
2001-03-29 16:29:00,-1,RNO,564,SEA
2001-01-21 06:30:00,-5,LAX,337,OAK
2001-03-02 21:18:00,20,HOU,239,DAL
2001-03-17 10:50:00,15,LAX,451,TUS
2001-03-29 22:42:00,78,BUF,281,BWI
2001-03-16 09:45:00,65,HOU,687,STL
2001-01-30 12:46:00,84,DAL,248,SAT
2001-03-11 22:40:00,0,ONT,389,SMF
2001-03-31 19:40:00,-11,SMF,605,SEA
2001-03-19 16:45:00,33,BNA,1448,PHX
2001-02-15 07:45:00,49,IND,229,STL
2001-03-26 10:42:00,-2,STL,1262,PHX
2001-03-04 12:50:00,-2,BNA,1977,SEA
2001-01-03 10:55:00,13,BUR,325,OAK
2001-03-18 07:10:00,-16,ISP,803,BNA
2001-01-18 14:40:00,-4,BUR,325,OAK
2001-01-11 19:20:00,35,RNO,345,LAS
2001-01-22 10:28:00,-1,BNA,443,RDU
2001-03-16 12:20:00,20,SDF,495,BWI
2001-01-07 16:20:00,-4,SLC,630,PDX
2001-03-05 15:50:00,4,BNA,338,CMH
2001-03-09 14:00:00,30,ABQ,487,LAS
2001-03-02 17:23:00,10,OAK,543,PDX
2001-02-11 06:25:00,4,BOI,399,SEA
2001-02-26 16:30:00,22,HOU,937,MDW
2001-02-08 19:45:00,11,BWI,288,ALB
2001-03-18 09:05:00,-5,HOU,687,STL
2001-02-19 15:00:00,0,SLC,919,MCI
2001-01-08 20:05:00,0,DAL,239,HOU
2001-02-08 12:45:00,-2,LAX,370,PHX
2001-01-11 18:15:00,64,JAN,359,HOU
2001-01-15 15:00:00,9,LAX,370,PHX
2001-01-07 15:17:00,14,ONT,361,OAK
2001-03-09 10:55:00,-1,AUS,148,HOU
2001-01-08 06:15:00,6,BOI,399,SEA
2001-01-05 06:30:00,0,LAX,373,SMF
2001-03-01 13:30:00,3,PDX,279,GEG
2001-02-06 10:10:00,-11,HOU,419,OKC
2001-02-09 21:00:00,180,PHX,304,SAN
2001-01-12 21:02:00,22,MCO,787,BWI
2001-03-26 13:50:00,11,MDW,395,BNA
2001-03-15 10:30:00,-10,SAN,1164,AUS
2001-03-30 09:50:00,2,PHX,325,ONT
2001-01-22 08:50:00,10,SMF,480,SAN
2001-03-30 11:00:00,-6,SAN,636,ELP
2001-01-25 17:17:00,1,STL,737,BWI
2001-02-15 22:00:00,7,SAN,417,SJC
2001-02-07 19:39:00,2,DAL,239,HOU
2001-02-13 17:20:00,-7,PVD,328,BWI
2001-02-23 06:34:00,37,BNA,588,BWI
2001-03-30 13:32:00,-3,CLE,307,MDW
2001-01-12 08:03:00,17,PDX,569,SJC
2001-01-31 20:50:00,8,ABQ,677,LAX
2001-02-07 16:20:00,-6,BNA,670,HOU
2001-02-16 07:25:00,-7,LAX,308,SJC
2001-02-10 10:55:00,-6,ALB,288,BWI
2001-01-18 07:45:00,15,MCI,967,BWI
2001-02-14 12:37:00,3,LAX,714,ELP
2001-03-20 06:45:00,13,PHX,646,OAK
2001-02-18 08:00:00,7,BWI,883,PBI
2001-01-09 12:25:00,0,SDF,323,BHM
2001-03-04 15:45:00,-5,HOU,148,AUS
2001-01-19 09:45:00,65,BWI,283,BDL
2001-03-27 11:20:00,14,SAT,248,DAL
2001-03-03 17:53:00,32,BDL,283,BWI
2001-02-17 16:01:00,4,AUS,872,PHX
2001-02-01 11:45:00,-2,LAS,407,OAK
2001-02-14 11:55:00,18,MDW,271,SDF
2001-02-07 12:17:00,18,DAL,239,HOU
2001-01-14 21:50:00,2,MDW,271,SDF
2001-02-02 21:20:00,28,SAT,248,DAL
2001-03-03 13:05:00,23,BNA,484,JAX
2001-02-23 06:20:00,6,SLC,291,BOI
2001-02-28 09:40:00,-5,ONT,325,PHX
2001-02-23 14:52:00,14,LAX,370,PHX
2001-01-19 15:45:00,18,SAN,417,SJC
2001-02-09 16:25:00,-18,BWI,1999,PHX
2001-01-21 20:20:00,-4,SEA,399,BOI
2001-01-25 13:50:00,0,LIT,296,DAL
2001-02-21 12:50:00,6,SAN,367,TUS
2001-03-28 19:22:00,21,BUR,296,SJC
2001-02-25 08:27:00,6,MCO,550,MSY
2001-03-29 22:10:00,8,SMF,389,ONT
2001-01-09 13:25:00,-7,ABQ,718,MCI
2001-03-03 15:50:00,-6,OAK,543,PDX
2001-02-10 09:25:00,-9,STL,687,HOU
2001-01-18 11:40:00,0,SNA,371,OAK
2001-02-16 13:00:00,17,BNA,484,JAX
2001-03-03 17:30:00,10,LAS,345,RNO
2001-03-23 21:40:00,-4,OAK,325,BUR
2001-03-17 17:20:00,1,DAL,319,MAF
2001-02-20 19:44:00,22,RNO,444,PDX
2001-02-22 19:38:00,18,HRL,276,HOU
2001-03-20 16:25:00,27,JAX,318,FLL
2001-01-08 07:05:00,5,BNA,612,TPA
2001-02-12 13:52:00,-2,OMA,1037,PHX
2001-03-12 11:32:00,0,MSY,303,HOU
2001-01-20 18:15:00,0,ISP,1034,TPA
2001-01-30 18:45:00,-11,PHX,304,SAN
2001-02-02 21:10:00,10,PHX,369,BUR
2001-02-10 13:00:00,0,PDX,762,LAS
2001-01-10 11:48:00,16,MSY,303,HOU
2001-02-08 12:46:00,32,SLC,689,SEA
2001-02-08 21:07:00,31,LIT,296,STL
2001-03-02 18:03:00,20,SAN,367,TUS
2001-03-05 10:50:00,40,OAK,646,PHX
2001-02-22 14:15:00,27,BWI,328,PVD
2001-01-19 15:33:00,14,AMA,324,DAL
2001-03-14 20:48:00,12,LAS,397,SMF
2001-03-29 15:54:00,0,LAS,223,BUR
2001-02-19 13:20:00,8,OKC,181,DAL
2001-01-02 16:05:00,-9,BWI,663,JAX
2001-02-27 10:55:00,-2,ALB,288,BWI
2001-03-06 17:05:00,-10,SMF,358,BUR
2001-02-09 21:55:00,20,LAS,407,OAK
2001-02-10 20:15:00,-10,STL,880,MCO
2001-01-14 11:45:00,-23,MDW,1444,PHX
2001-03-08 22:48:00,53,GEG,224,SEA
2001-02-02 14:03:00,3,MAF,332,ABQ
2001-02-15 09:54:00,10,PDX,479,SMF
2001-02-13 06:00:00,-5,MDW,405,MCI
2001-01-03 12:30:00,3,DAL,580,ABQ
2001-01-10 12:50:00,11,PHX,601,RNO
2001-01-01 08:15:00,5,MCI,223,TUL
2001-03-21 14:24:00,8,SMF,647,PHX
2001-03-06 08:15:00,-4,MCI,223,TUL
2001-03-11 08:30:00,0,LAX,370,PHX
2001-03-10 06:30:00,-5,HOU,359,JAN
2001-03-02 18:30:00,-13,PVD,907,BNA
2001-02-15 18:45:00,75,SJC,386,LAS
2001-01-23 18:10:00,7,TUL,237,DAL
2001-02-22 16:40:00,16,LAX,451,TUS
2001-02-24 07:00:00,-13,MCI,1072,MCO
2001-02-19 13:20:00,-5,BWI,328,PVD
2001-01-07 11:00:00,-5,STL,351,TUL
2001-01-10 20:40:00,7,BWI,328,PVD
2001-02-09 14:15:00,15,TPA,869,STL
2001-02-16 16:00:00,-4,LBB,289,ABQ
2001-03-16 18:32:00,40,PHX,1136,LIT
2001-02-27 21:50:00,1,STL,687,HOU
2001-01-21 20:09:00,41,SMF,389,ONT
2001-02-02 22:12:00,10,PHX,256,LAS
2001-01-03 18:21:00,29,ABQ,934,STL
2001-01-30 07:00:00,-3,DAL,237,TUL
2001-02-23 19:30:00,22,DAL,181,OKC
2001-03-30 08:25:00,-6,JAN,888,BWI
2001-01-11 19:04:00,9,BWI,377,MHT
2001-03-16 19:20:00,58,BWI,925,FLL
2001-03-06 06:55:00,-4,MCI,1481,PDX
2001-02-24 12:00:00,-5,SDF,495,BWI
2001-03-14 12:45:00,-5,DAL,217,IAH
2001-02-05 15:05:00,-10,SFO,447,SAN
2001-02-06 21:45:00,-5,IND,229,STL
2001-03-10 12:06:00,5,AMA,277,ABQ
2001-02-25 12:30:00,-3,ISP,803,BNA
2001-03-05 22:05:00,8,LAX,308,SJC
2001-02-01 19:50:00,-8,ONT,333,SJC
2001-02-12 10:40:00,-3,OKC,313,MCI
2001-03-07 21:55:00,7,HRL,276,HOU
2001-02-20 07:52:00,9,AUS,189,DAL
2001-02-20 08:25:00,0,IND,162,MDW
2001-03-04 18:25:00,11,SMF,1442,MCI
2001-02-18 06:30:00,-9,LAX,337,OAK
2001-02-21 20:55:00,-6,DAL,248,SAT
2001-03-02 12:12:00,7,OAK,446,SAN
2001-03-02 09:15:00,11,SJC,308,LAX
2001-03-29 06:25:00,-5,PHX,347,ELP
2001-02-24 08:45:00,-10,LAS,1099,OMA
2001-01-02 18:05:00,19,BNA,443,RDU
2001-01-06 14:00:00,0,PHX,325,ONT
2001-02-20 15:40:00,-8,SLC,507,PHX
2001-02-27 10:25:00,-5,ONT,389,SMF
2001-03-30 18:21:00,3,MDW,251,STL
2001-02-09 06:05:00,4,BOI,287,GEG
2001-02-14 19:30:00,-12,LAS,368,SLC
2001-01-07 18:45:00,28,ABQ,328,PHX
2001-01-28 21:35:00,-5,MDW,284,CMH
2001-01-22 07:55:00,-14,MSY,321,BHM
2001-02-24 12:40:00,3,SJC,333,ONT
2001-03-16 16:00:00,69,OKC,313,MCI
2001-02-20 06:29:00,3,SFO,447,SAN
2001-03-29 22:20:00,156,STL,687,HOU
2001-02-21 18:35:00,-1,LAS,256,PHX
2001-02-06 21:00:00,-8,BWI,495,SDF
2001-01-05 19:55:00,68,CLE,448,BNA
2001-02-05 11:40:00,-18,LAX,677,ABQ
2001-01-07 16:15:00,15,SNA,371,OAK
2001-01-24 18:15:00,4,PHX,1037,OMA
2001-01-07 10:15:00,-8,MDW,251,STL
2001-01-25 07:45:00,-6,BWI,283,BDL
2001-01-07 12:00:00,-10,OAK,337,LAX
2001-03-12 10:40:00,-9,BUF,1011,MCO
2001-01-16 12:35:00,0,LAX,370,PHX
2001-03-29 14:11:00,17,LAX,373,SMF
2001-03-16 19:33:00,28,BUR,296,SJC
2001-03-27 13:42:00,12,GEG,224,SEA
2001-01-06 17:31:00,13,JAN,359,HOU
2001-02-01 22:00:00,-20,OAK,407,LAS
2001-02-19 09:25:00,0,SAN,446,OAK
2001-03-21 08:20:00,-5,AUS,872,PHX
2001-03-08 16:03:00,14,SAN,480,SMF
2001-02-25 16:30:00,15,MDW,989,MCO
2001-03-28 14:18:00,-11,ABQ,1180,SEA
2001-03-03 06:55:00,0,LAS,1591,IND
2001-03-19 15:15:00,-7,SJC,386,LAS
2001-01-03 20:38:00,36,DAL,239,HOU
2001-03-03 08:45:00,-10,LAS,1099,OMA
2001-03-12 08:10:00,0,LAS,197,ONT
2001-01-14 08:40:00,-5,SMF,479,PDX
2001-03-11 16:07:00,11,OAK,446,SAN
2001-03-25 17:51:00,21,SMF,373,LAX
2001-02-05 15:25:00,-5,MDW,423,OMA
2001-02-08 21:48:00,140,MDW,271,SDF
2001-01-25 17:00:00,-5,SAT,192,HOU
2001-02-14 19:35:00,-3,FLL,318,JAX
2001-01-19 06:40:00,-5,OAK,446,SAN
2001-01-18 16:18:00,10,LAS,258,SAN
2001-03-20 08:25:00,-3,RNO,335,BOI
2001-03-28 15:40:00,8,DAL,239,HOU
2001-01-19 17:30:00,26,OAK,511,BOI
2001-03-15 06:45:00,4,FLL,178,MCO
2001-02-04 20:10:00,-7,MCI,405,MDW
2001-02-06 13:15:00,-5,BWI,220,ISP
2001-03-20 17:15:00,0,PHX,256,LAS
2001-01-16 12:15:00,3,DAL,293,LBB
2001-03-04 23:23:00,48,SMF,480,SAN
2001-03-04 12:10:00,15,SJC,697,SEA
2001-02-06 14:06:00,11,LAS,256,PHX
2001-01-13 09:20:00,37,MCI,405,MDW
2001-01-27 08:25:00,-3,BNA,1588,LAS
2001-03-31 07:05:00,-12,SEA,671,OAK
2001-03-20 12:40:00,-1,HOU,148,AUS
2001-02-09 19:30:00,48,CLE,307,MDW
2001-01-23 08:50:00,-8,BDL,777,MDW
2001-01-10 09:30:00,-10,BWI,281,BUF
2001-01-06 20:45:00,32,RNO,345,LAS
2001-01-12 20:05:00,6,OAK,407,LAS
2001-03-16 06:15:00,0,DAL,562,ELP
2001-02-05 16:20:00,-5,MSY,487,TPA
2001-03-09 06:30:00,0,SAT,192,HOU
2001-03-18 10:40:00,5,ONT,325,PHX
2001-02-02 18:00:00,10,PDX,444,RNO
2001-01-21 09:50:00,-8,BHM,1618,LAS
2001-01-24 16:30:00,0,BOI,287,GEG
2001-02-28 13:45:00,62,PHX,370,LAX
2001-02-14 14:41:00,3,BWI,682,BHM
2001-01-05 07:40:00,-13,OAK,325,BUR
2001-01-29 14:10:00,-10,ABQ,1180,SEA
2001-02-12 12:42:00,14,SNA,342,SJC
2001-02-28 20:18:00,10,HOU,453,TUL
2001-02-25 17:10:00,90,LAX,337,OAK
2001-01-14 06:40:00,-17,MSY,437,DAL
2001-03-26 19:00:00,14,CLE,307,MDW
2001-02-01 09:40:00,5,ABQ,328,PHX
2001-01-14 13:30:00,-8,DAL,324,AMA
2001-01-06 18:00:00,-18,PHX,1136,LIT
2001-01-29 15:40:00,-1,OKC,181,DAL
2001-01-17 08:24:00,7,SLC,368,LAS
2001-01-12 14:10:00,42,ONT,389,SMF
2001-02-28 06:00:00,5,MCI,405,MDW
2001-02-04 13:45:00,5,SAN,258,LAS
2001-02-21 08:00:00,-9,MDW,251,STL
2001-03-31 08:45:00,-11,OAK,889,ABQ
2001-03-04 21:56:00,25,PHX,256,LAS
2001-02-27 10:57:00,11,PBI,883,BWI
2001-01-30 09:35:00,-7,PVD,2277,PHX
2001-02-14 16:00:00,-8,LAX,337,OAK
2001-02-14 10:35:00,-2,SEA,224,GEG
2001-01-31 09:59:00,3,LAX,714,ELP
2001-01-03 08:50:00,8,MCI,313,OKC
2001-03-13 10:10:00,4,MCI,223,TUL
2001-02-19 12:10:00,0,PHX,833,OKC
2001-01-13 09:30:00,-5,PHX,1044,MCI
2001-02-16 16:31:00,54,MDW,611,BWI
2001-01-16 20:40:00,0,CLE,307,MDW
2001-02-02 18:00:00,-15,OAK,646,PHX
2001-02-02 08:05:00,-4,PBI,174,TPA
2001-01-26 19:20:00,104,BOI,520,LAS
2001-01-15 13:25:00,-3,RNO,335,BOI
2001-01-14 09:25:00,-3,HOU,303,MSY
2001-01-26 10:00:00,-1,MDW,1521,LAS
2001-03-18 12:00:00,11,HOU,848,MCO
2001-02-15 07:35:00,2,MCO,1073,PVD
2001-03-21 10:25:00,4,HOU,419,OKC
2001-03-30 15:45:00,-5,SAN,480,SMF
2001-01-02 21:20:00,-3,HOU,303,MSY
2001-02-07 09:05:00,-10,ABQ,759,HOU
2001-02-01 18:00:00,-2,SJC,333,ONT
2001-03-04 10:00:00,-7,MDW,229,DTW
2001-03-27 14:05:00,14,LIT,296,DAL
2001-01-05 18:30:00,-15,MDW,838,MHT
2001-01-23 20:15:00,2,OKC,181,DAL
2001-03-02 10:55:00,-5,LAS,256,PHX
2001-02-09 06:30:00,5,BHM,682,BWI
2001-02-08 09:15:00,-19,BWI,2106,LAS
2001-03-11 19:10:00,14,BWI,328,PVD
2001-01-17 10:02:00,13,DAL,248,SAT
2001-02-06 09:25:00,0,BUR,358,SMF
2001-02-28 07:00:00,27,PHX,328,ABQ
2001-02-21 12:10:00,0,LAS,1140,MCI
2001-01-15 18:40:00,0,BNA,448,CLE
2001-03-28 18:42:00,19,BNA,612,TPA
2001-01-03 10:50:00,-8,GEG,287,BOI
2001-01-28 17:29:00,39,HOU,239,DAL
2001-01-27 17:10:00,-9,CMH,284,MDW
2001-01-04 08:45:00,-2,IAH,217,DAL
2001-01-23 20:50:00,28,BDL,283,BWI
2001-03-25 12:30:00,-2,SAN,480,SMF
2001-02-21 19:54:00,1,BUR,223,LAS
2001-01-24 06:30:00,-6,HOU,148,AUS
2001-02-04 20:20:00,22,SJC,342,SNA
2001-02-19 19:50:00,30,STL,237,MCI
2001-03-01 18:05:00,21,BWI,328,PVD
2001-03-14 06:30:00,1,SMF,480,SAN
2001-01-10 17:25:00,28,ISP,220,BWI
2001-03-20 19:42:00,84,LAX,451,TUS
2001-03-05 15:30:00,-16,BWI,220,ISP
2001-02-07 06:40:00,3,OAK,446,SAN
2001-02-04 21:30:00,5,ONT,325,PHX
2001-02-10 16:50:00,-9,LBB,293,DAL
2001-03-15 07:35:00,2,DTW,229,MDW
2001-03-12 17:30:00,-5,LAS,368,SLC
2001-01-18 18:20:00,-3,LBB,293,DAL
2001-02-09 05:30:00,3,OAK,337,LAX
2001-02-05 11:10:00,-9,PHX,256,LAS
2001-02-23 17:30:00,-9,BWI,588,BNA
2001-01-13 13:13:00,1,PHX,651,SFO
2001-02-21 10:05:00,0,LAS,197,ONT
2001-03-20 21:39:00,10,DAL,239,HOU
2001-03-15 16:45:00,38,PHX,328,ABQ
2001-03-21 16:00:00,10,SLC,590,LAX
2001-02-17 11:15:00,0,ELP,677,HOU
2001-02-21 20:30:00,0,OAK,337,LAX
2001-02-14 06:30:00,-6,ONT,361,OAK
2001-01-02 11:21:00,-3,STL,251,MDW
2001-01-26 15:00:00,-7,BWI,281,BUF
2001-02-27 08:20:00,6,BOI,335,RNO
2001-03-29 11:35:00,4,STL,410,CMH
2001-01-28 15:10:00,-7,SJC,342,SNA
2001-01-30 18:50:00,3,STL,342,OMA
2001-01-28 07:40:00,-4,LAS,1521,MDW
2001-02-16 08:15:00,-30,MDW,937,HOU
2001-01-09 12:00:00,-9,LAX,337,OAK
2001-03-02 07:25:00,-5,ABQ,328,PHX
2001-01-15 18:35:00,10,SLC,689,SEA
2001-02-14 15:12:00,8,SNA,342,SJC
2001-02-21 12:35:00,-10,TPA,587,RDU
2001-01-22 11:40:00,-2,GEG,723,OAK
2001-03-04 17:35:00,18,LAS,345,RNO
2001-03-31 18:00:00,-5,HOU,239,DAL
2001-03-14 11:55:00,14,SJC,188,RNO
2001-02-14 08:00:00,-4,SLC,422,RNO
2001-01-10 11:30:00,6,PHX,1848,MCO
2001-03-03 15:30:00,-4,OAK,337,LAX
2001-02-27 12:40:00,0,HOU,148,AUS
2001-02-12 13:50:00,-5,HOU,1235,LAS
2001-01-25 12:10:00,-1,LAS,1140,MCI
2001-02-06 10:25:00,5,LAS,397,SMF
2001-02-23 12:33:00,27,BNA,1751,ONT
2001-01-20 11:45:00,0,SAN,417,SJC
2001-02-25 13:55:00,-6,DAL,248,SAT
2001-03-26 20:55:00,8,SEA,605,SMF
2001-01-19 15:35:00,2,OAK,361,ONT
2001-02-09 15:20:00,12,BOI,291,SLC
2001-03-10 12:55:00,5,SAN,628,ABQ
2001-01-09 12:05:00,-10,OKC,313,MCI
2001-01-30 15:50:00,-1,LAS,223,BUR
2001-03-31 11:55:00,0,RNO,390,LAX
2001-01-25 06:25:00,-6,SAN,417,SJC
2001-02-05 12:50:00,-20,BNA,1977,SEA
2001-01-03 06:20:00,0,SAN,258,LAS
2001-01-23 07:25:00,-7,BNA,491,MCI
2001-01-27 10:00:00,0,MDW,229,DTW
2001-02-12 10:44:00,10,OMA,1099,LAS
2001-02-11 09:25:00,5,BUR,358,SMF
2001-01-25 07:10:00,8,SLC,588,OAK
2001-03-23 08:00:00,1,BWI,787,MCO
2001-01-09 13:04:00,20,MSY,1301,PHX
2001-01-04 07:10:00,-23,MSY,1599,SAN
2001-03-04 11:25:00,7,CLE,307,MDW
2001-03-03 11:49:00,10,MCI,405,MDW
2001-03-06 10:35:00,-15,STL,1262,PHX
2001-02-28 17:32:00,6,BDL,283,BWI
2001-02-22 20:00:00,-5,PHX,347,ELP
2001-01-18 16:10:00,2,SAN,446,OAK
2001-03-17 19:45:00,14,LAS,256,PHX
2001-02-09 19:45:00,10,LAS,365,TUS
2001-02-14 13:10:00,-11,BWI,967,MCI
2001-01-06 11:25:00,-6,MSY,303,HOU
2001-02-10 09:45:00,-18,BNA,1448,PHX
2001-02-21 19:50:00,29,ONT,389,SMF
2001-02-17 19:40:00,-13,PVD,108,ISP
2001-02-28 10:30:00,28,LAX,370,PHX
2001-03-11 15:30:00,5,MSY,321,BHM
2001-03-01 11:45:00,-2,OAK,371,SNA
2001-01-09 10:27:00,34,LAS,397,SMF
2001-02-17 10:45:00,-10,MCI,1363,LAX
2001-01-12 09:40:00,-25,CMH,1772,LAS
2001-01-07 18:23:00,27,BUR,296,SJC
2001-02-01 09:00:00,5,PHX,651,SFO
2001-03-14 07:40:00,20,MCI,904,RDU
2001-02-03 16:05:00,0,OKC,833,PHX
2001-01-08 06:30:00,-3,BNA,177,BHM
2001-01-05 13:25:00,-18,SEA,1107,PHX
2001-02-21 12:20:00,-10,TPA,174,PBI
2001-01-29 10:40:00,-10,SEA,1180,ABQ
2001-03-02 19:05:00,-6,TPA,197,FLL
2001-01-30 15:15:00,-5,BUR,325,OAK
2001-03-26 11:20:00,0,TPA,487,MSY
2001-01-26 12:15:00,25,STL,296,LIT
2001-01-21 12:05:00,-10,OAK,325,BUR
2001-03-01 08:15:00,-24,MDW,937,HOU
2001-03-19 10:45:00,3,HRL,276,HOU
2001-03-01 17:25:00,-3,DAL,189,AUS
2001-03-23 12:15:00,-3,GEG,279,PDX
2001-03-02 13:00:00,-10,DAL,239,HOU
2001-02-06 13:10:00,-18,BWI,967,MCI
2001-03-08 12:40:00,0,DAL,580,ABQ
2001-03-30 07:10:00,0,SMF,389,ONT
2001-02-22 19:38:00,30,STL,251,MDW
2001-01-18 11:40:00,2,GEG,723,OAK
2001-03-23 16:33:00,12,FLL,197,TPA
2001-02-23 06:30:00,7,SJC,308,LAX
2001-01-26 17:30:00,39,LAX,677,ABQ
2001-01-21 14:00:00,0,PHX,325,ONT
2001-01-17 18:40:00,-5,RNO,180,OAK
2001-02-08 08:16:00,19,SLC,689,SEA
2001-02-10 14:05:00,-10,FLL,1166,MDW
2001-03-27 10:15:00,-5,SMF,389,ONT
2001-01-11 15:30:00,15,LAS,236,LAX
2001-03-20 14:30:00,-10,DAL,237,TUL
2001-03-28 13:25:00,-7,RNO,335,BOI
2001-01-15 20:58:00,10,LIT,296,DAL
2001-03-06 07:55:00,3,HOU,419,OKC
2001-01-09 17:49:00,27,OAK,361,ONT
2001-03-10 17:25:00,-5,BNA,457,DTW
2001-02-08 15:40:00,-5,ELP,347,PHX
2001-03-27 08:05:00,-7,LAX,370,PHX
2001-03-31 07:27:00,-5,SMF,373,LAX
2001-03-04 08:34:00,-3,PHX,304,SAN
2001-01-15 07:15:00,5,TPA,842,BWI
2001-01-11 06:30:00,0,OKC,181,DAL
2001-01-03 10:11:00,42,SAN,304,PHX
2001-03-05 10:20:00,5,PHX,256,LAS
2001-02-03 16:03:00,6,AUS,189,DAL
2001-03-10 06:30:00,-5,MSY,487,TPA
2001-01-27 10:10:00,-15,OAK,588,SLC
2001-01-03 20:25:00,52,SJC,308,LAX
2001-03-22 20:05:00,-3,GEG,224,SEA
2001-03-15 11:41:00,25,SLC,368,LAS
2001-02-01 14:40:00,5,MDW,307,CLE
2001-02-15 08:00:00,-10,OAK,337,LAX
2001-01-31 16:25:00,-6,SLC,630,PDX
2001-03-20 07:50:00,5,AUS,189,DAL
2001-03-06 09:45:00,18,LAX,1242,AUS
2001-03-18 17:23:00,17,LAX,236,LAS
2001-01-12 19:15:00,-10,BNA,803,ISP
2001-02-11 17:40:00,12,LAS,1099,OMA
2001-02-20 07:25:00,-5,MCI,1489,OAK
2001-02-23 06:25:00,0,BWI,314,CLE
2001-02-14 09:00:00,-2,ALB,288,BWI
2001-03-10 10:10:00,-3,MCI,223,TUL
2001-01-23 14:20:00,-13,STL,1262,PHX
2001-02-28 20:33:00,70,SAT,248,DAL
2001-01-21 08:20:00,-17,PHX,1044,MCI
2001-03-31 08:00:00,-10,BWI,883,PBI
2001-03-31 08:33:00,9,BUR,223,LAS
2001-03-07 08:15:00,-3,DAL,217,IAH
2001-01-18 21:50:00,-5,BUR,369,PHX
2001-03-26 07:10:00,0,HOU,1235,LAS
2001-01-19 06:20:00,-1,SJC,569,PDX
2001-03-29 20:00:00,25,OAK,588,SLC
2001-03-10 12:19:00,9,ABQ,223,ELP
2001-03-28 17:20:00,-4,BDL,283,BWI
2001-02-18 18:20:00,0,MHT,377,BWI
2001-01-28 11:45:00,4,DAL,319,MAF
2001-01-18 19:30:00,5,HOU,239,DAL
2001-03-17 09:50:00,18,MSY,471,BNA
2001-02-23 16:36:00,28,LAX,370,PHX
2001-02-27 08:30:00,0,CMH,802,MCO
2001-03-14 06:15:00,-7,SAN,446,OAK
2001-02-10 09:20:00,5,BNA,758,PBI
2001-02-20 07:30:00,-5,LAS,365,TUS
2001-02-16 12:00:00,-7,BWI,281,BUF
2001-03-09 19:10:00,3,RNO,444,PDX
2001-01-23 18:30:00,-2,BWI,220,ISP
2001-03-29 06:50:00,2,DAL,181,OKC
2001-03-20 13:10:00,0,BWI,967,MCI
2001-03-23 17:42:00,26,BDL,283,BWI
2001-01-17 09:30:00,7,BWI,283,BDL
2001-01-19 08:35:00,4,BUR,325,OAK
2001-03-02 11:15:00,-7,ONT,197,LAS
2001-03-20 08:30:00,-15,CMH,802,MCO
2001-03-06 18:55:00,1,ELP,223,ABQ
2001-02-12 19:00:00,53,OAK,446,SAN
2001-02-10 11:35:00,-2,MCI,405,MDW
2001-02-26 13:25:00,-9,DTW,440,STL
2001-03-02 20:48:00,30,OAK,325,BUR
2001-01-30 08:19:00,18,ALB,288,BWI
2001-03-23 10:30:00,-5,BUF,281,BWI
2001-01-17 17:00:00,-7,LBB,295,ELP
2001-03-28 17:10:00,8,MCI,405,MDW
2001-02-16 20:40:00,12,SEA,564,RNO
2001-02-28 18:57:00,30,HOU,670,BNA
2001-02-21 12:35:00,-5,IND,229,STL
2001-03-05 12:10:00,-11,PDX,543,OAK
2001-03-21 07:45:00,9,ONT,333,SJC
2001-01-07 14:07:00,6,ONT,361,OAK
2001-01-22 11:38:00,2,PHX,1848,MCO
2001-02-23 20:33:00,10,BWI,842,TPA
2001-02-19 07:30:00,-5,LAS,365,TUS
2001-03-13 09:56:00,33,MDW,666,JAN
2001-01-08 11:30:00,-3,PHX,328,ABQ
2001-01-25 12:35:00,0,TPA,587,RDU
2001-03-03 14:10:00,8,MCI,1363,LAX
2001-01-05 07:35:00,0,LAS,345,RNO
2001-03-02 14:35:00,-5,PHX,328,ABQ
2001-02-28 19:06:00,17,BOI,335,RNO
2001-01-13 11:48:00,5,BUR,296,SJC
2001-02-09 12:13:00,17,ISP,220,BWI
2001-03-08 07:49:00,-3,TPA,197,FLL
2001-01-22 20:20:00,-8,MCO,880,STL
2001-01-09 13:20:00,7,SJC,342,SNA
2001-01-19 09:29:00,2,RNO,180,OAK
2001-01-27 20:20:00,85,PHX,304,SAN
2001-02-22 08:40:00,-5,MHT,377,BWI
2001-03-04 18:25:00,58,PVD,328,BWI
2001-02-25 19:04:00,25,OAK,671,SEA
2001-03-24 16:00:00,1,LAX,370,PHX
2001-02-05 17:15:00,-10,RNO,345,LAS
2001-01-03 18:08:00,35,MDW,271,SDF
2001-03-24 12:13:00,-11,PDX,543,OAK
2001-01-10 14:12:00,12,ELP,562,DAL
2001-02-03 19:50:00,-5,MSY,303,HOU
2001-01-07 11:40:00,-15,SAN,1333,MCI
2001-01-04 07:00:00,-10,LAX,236,LAS
2001-02-27 22:12:00,65,SJC,333,ONT
2001-03-05 22:30:00,-5,MSY,303,HOU
2001-01-13 14:42:00,42,MDW,611,BWI
2001-01-21 19:30:00,54,HOU,670,BNA
2001-02-05 19:15:00,-7,BWI,682,BHM
2001-02-06 06:30:00,-15,MSY,487,TPA
2001-02-13 19:00:00,-9,HOU,441,MAF
2001-02-21 21:15:00,4,RDU,255,BWI
2001-01-25 13:05:00,10,JAX,180,TPA
2001-03-15 18:15:00,15,AUS,189,DAL
2001-01-11 14:47:00,20,SDF,254,STL
2001-01-19 06:40:00,-7,LAS,197,ONT
2001-02-22 09:40:00,-11,BOI,520,LAS
2001-03-19 13:50:00,1,SMF,358,BUR
2001-02-03 11:35:00,-10,PHX,1999,BWI
2001-01-28 20:15:00,12,SAT,496,ELP
2001-03-16 11:40:00,-4,MDW,251,STL
2001-03-19 17:00:00,17,MSY,550,MCO
2001-02-15 10:30:00,-5,RNO,345,LAS
2001-01-04 11:40:00,5,OAK,671,SEA
2001-02-14 13:35:00,5,BHM,460,TPA
2001-01-29 21:45:00,12,PHX,507,SLC
2001-03-06 09:43:00,16,PVD,328,BWI
2001-02-21 08:20:00,7,BNA,588,BWI
2001-01-05 06:30:00,-7,SEA,399,BOI
2001-01-03 06:30:00,-3,SMF,480,SAN
2001-02-06 09:30:00,-7,MDW,405,MCI
2001-03-02 12:30:00,-10,LAX,370,PHX
2001-01-02 09:35:00,-6,SJC,188,RNO
2001-02-27 06:55:00,0,HOU,187,CRP
2001-01-29 19:05:00,57,MDW,777,BDL
2001-03-22 15:50:00,0,ABQ,321,TUS
2001-03-03 06:40:00,-8,LAS,197,ONT
2001-02-08 08:30:00,17,MCI,1234,PVD
2001-03-16 10:20:00,12,FLL,197,TPA
2001-01-20 13:25:00,-5,SJC,417,SAN
2001-03-04 14:40:00,5,SMF,479,PDX
2001-03-13 17:16:00,47,OMA,423,MDW
2001-01-12 23:19:00,162,DAL,562,ELP
2001-01-27 17:00:00,-1,LAS,866,SEA
2001-03-24 11:45:00,8,PHX,370,LAX
2001-02-26 16:20:00,12,LAX,308,SJC
2001-01-12 12:20:00,8,CRP,187,HOU
2001-03-28 09:40:00,1,ABQ,328,PHX
2001-03-30 19:26:00,14,SNA,342,SJC
2001-02-08 16:23:00,0,PHX,935,TUL
2001-01-13 20:55:00,-10,SEA,605,SMF
2001-03-30 14:00:00,13,LAS,197,ONT
2001-01-11 12:47:00,23,MDW,405,MCI
2001-01-01 21:21:00,38,SEA,671,OAK
2001-02-26 21:25:00,4,MSY,487,TPA
2001-03-28 14:45:00,18,STL,251,MDW
2001-03-01 09:00:00,-10,RDU,255,BWI
2001-02-12 21:32:00,11,LAS,197,ONT
2001-02-25 17:25:00,3,BNA,457,DTW
2001-03-21 08:05:00,1,MCO,178,FLL
2001-01-30 07:50:00,2,SDF,254,STL
2001-01-14 19:25:00,-4,SNA,371,OAK
2001-03-09 09:00:00,5,AUS,1090,LAS
2001-01-04 06:30:00,13,STL,237,MCI
2001-01-04 19:33:00,12,MCO,178,FLL
2001-02-03 15:50:00,-3,SNA,371,OAK
2001-01-23 08:05:00,-3,BHM,321,MSY
2001-02-15 21:05:00,-3,PVD,328,BWI
2001-03-30 08:05:00,-6,PBI,174,TPA
2001-03-25 11:05:00,-13,AUS,1342,BWI
2001-02-23 20:50:00,140,HRL,233,SAT
2001-02-20 06:50:00,10,MDW,777,BDL
2001-02-05 12:30:00,-7,LAS,2237,ALB
2001-03-30 16:57:00,12,SLC,368,LAS
2001-02-09 10:46:00,9,PVD,108,ISP
2001-01-14 08:19:00,21,PHX,1448,BNA
2001-01-10 09:50:00,57,LAX,337,OAK
2001-03-06 15:05:00,-6,CMH,410,STL
2001-03-22 08:00:00,-2,LAS,407,OAK
2001-02-22 19:11:00,34,BNA,670,HOU
2001-01-29 08:40:00,4,MSY,321,BHM
2001-02-21 15:05:00,-1,MCO,550,MSY
2001-02-07 13:00:00,-8,HOU,239,DAL
2001-02-10 10:49:00,10,MSY,708,IND
2001-03-07 21:05:00,-5,FLL,197,TPA
2001-01-26 11:00:00,-10,PHX,1912,BUF
2001-01-02 20:20:00,108,BOI,335,RNO
2001-02-24 10:20:00,12,SAT,192,HOU
2001-03-30 18:49:00,31,DAL,437,MSY
2001-01-19 20:35:00,38,BWI,220,ISP
2001-03-03 15:24:00,10,RNO,188,SJC
2001-03-27 09:57:00,0,BOI,291,SLC
2001-03-08 15:15:00,-15,LAS,1521,MDW
2001-03-20 12:30:00,-12,SNA,342,SJC
2001-03-16 16:12:00,3,GEG,287,BOI
2001-02-18 10:35:00,-3,DAL,296,LIT
2001-01-13 16:50:00,0,SLC,368,LAS
2001-02-15 11:40:00,19,MCI,967,BWI
2001-01-26 20:15:00,7,STL,880,MCO
2001-03-06 15:30:00,-15,BNA,395,MDW
2001-03-30 20:50:00,0,CMH,410,STL
2001-03-10 15:55:00,0,PHX,304,SAN
2001-01-11 12:15:00,55,BUR,325,OAK
2001-02-14 23:11:00,75,BOI,291,SLC
2001-01-21 16:10:00,-9,SMF,397,LAS
2001-02-04 20:50:00,-5,AMA,324,DAL
2001-03-28 19:10:00,-3,LAX,390,RNO
2001-02-28 09:45:00,27,PDX,543,OAK
2001-02-09 19:49:00,67,IND,1591,LAS
2001-02-23 08:40:00,-6,SEA,224,GEG
2001-01-26 17:40:00,9,STL,934,ABQ
2001-02-08 07:30:00,-2,HOU,303,MSY
2001-03-02 07:40:00,13,DAL,437,MSY
2001-02-28 12:13:00,10,LAX,337,OAK
2001-02-01 17:03:00,13,STL,296,LIT
2001-03-06 11:05:00,-22,FLL,925,BWI
2001-03-06 09:25:00,10,BNA,612,TPA
2001-01-03 12:34:00,-5,HOU,239,DAL
2001-01-13 18:20:00,-5,BNA,612,TPA
2001-01-28 20:20:00,8,SEA,564,RNO
2001-01-09 08:00:00,-20,AUS,1162,RDU
2001-01-13 19:34:00,0,SMF,647,PHX
2001-02-25 07:10:00,17,PHX,2277,PVD
2001-01-28 21:55:00,-7,STL,254,SDF
2001-02-20 11:11:00,39,OAK,180,RNO
2001-02-28 22:43:00,100,RNO,188,SJC
2001-03-20 17:33:00,20,PDX,543,OAK
2001-02-18 12:00:00,19,SAN,417,SJC
2001-02-09 14:06:00,-5,PHX,325,ONT
2001-03-29 12:30:00,4,STL,251,MDW
2001-02-01 14:35:00,-1,SMF,389,ONT
2001-01-09 10:05:00,-3,DAL,217,IAH
2001-02-26 12:40:00,-7,MCO,828,IND
2001-03-18 07:10:00,-8,BWI,842,TPA
2001-02-27 13:36:00,11,LIT,1136,PHX
2001-02-08 10:20:00,-6,SMF,373,LAX
2001-03-11 09:20:00,-9,MDW,666,JAN
2001-01-02 06:53:00,-15,MDW,777,BDL
2001-03-13 19:03:00,-3,LAX,236,LAS
2001-01-08 10:10:00,-3,ABQ,580,DAL
2001-02-01 07:55:00,-2,SAT,192,HOU
2001-02-14 19:29:00,7,RNO,444,PDX
2001-02-03 12:35:00,-33,TPA,781,HOU
2001-02-27 13:30:00,-5,BUF,281,BWI
2001-01-29 09:50:00,6,PHX,325,ONT
2001-02-01 13:50:00,0,BWI,377,MHT
2001-03-04 06:50:00,-10,BUR,369,PHX
2001-02-18 08:15:00,-10,MDW,937,HOU
2001-03-12 07:00:00,5,TUL,237,DAL
2001-03-17 10:33:00,6,PHX,1671,DTW
2001-01-13 20:35:00,32,LAS,1069,SAT
2001-01-07 11:40:00,11,FLL,318,JAX
2001-03-03 15:49:00,14,MSY,321,BHM
2001-01-08 19:30:00,0,HOU,239,DAL
2001-03-03 20:25:00,-7,SAT,843,PHX
2001-02-13 12:25:00,4,ONT,325,PHX
2001-01-26 08:27:00,-1,SJC,386,LAS
2001-02-28 06:25:00,4,STL,251,MDW
2001-03-22 07:00:00,0,PHX,256,LAS
2001-01-30 13:35:00,-1,MAF,319,DAL
2001-02-27 12:08:00,-2,DTW,229,MDW
2001-01-01 16:05:00,-2,OKC,833,PHX
2001-02-02 12:40:00,-10,PHX,601,RNO
2001-02-26 13:05:00,-7,PVD,1137,TPA
2001-03-23 07:05:00,-1,SEA,671,OAK
2001-02-09 18:10:00,80,SJC,417,SAN
2001-03-05 06:45:00,10,BUR,296,SJC
2001-03-03 15:00:00,2,DAL,319,MAF
2001-01-29 16:05:00,0,TUS,451,LAX
2001-02-20 07:00:00,-4,PHX,256,LAS
2001-01-21 16:37:00,9,SAN,304,PHX
2001-02-16 15:08:00,24,RNO,345,LAS
2001-03-13 22:15:00,95,AUS,756,BNA
2001-03-12 08:40:00,-2,STL,254,SDF
2001-01-26 08:55:00,8,MHT,838,MDW
2001-03-22 21:10:00,21,SJC,296,BUR
2001-01-03 12:15:00,7,LIT,393,HOU
2001-02-05 20:40:00,14,BNA,443,RDU
2001-01-23 15:55:00,-3,PHX,304,SAN
2001-03-17 08:35:00,-4,SMF,480,SAN
2001-01-19 09:45:00,-8,BOI,291,SLC
2001-03-31 16:28:00,18,PHX,507,SLC
2001-01-05 14:40:00,-2,SMF,479,PDX
2001-03-22 17:45:00,-4,MDW,842,PVD
2001-02-15 10:20:00,-3,DAL,580,ABQ
2001-01-27 10:10:00,-3,SLC,291,BOI
2001-03-14 14:40:00,41,DAL,189,AUS
2001-01-18 11:30:00,10,HOU,239,DAL
2001-03-28 18:55:00,-2,PHX,1999,BWI
2001-02-21 08:30:00,-7,DAL,239,HOU
2001-02-09 18:45:00,87,MSY,471,BNA
2001-03-28 16:25:00,-6,SJC,296,BUR
2001-02-13 10:10:00,-3,HOU,419,OKC
2001-02-04 21:47:00,7,ABQ,487,LAS
2001-02-22 19:00:00,1,TUL,223,MCI
2001-01-30 12:25:00,-5,SMF,480,SAN
2001-01-23 11:45:00,-3,ISP,108,PVD
2001-03-26 07:00:00,-9,MSY,303,HOU
2001-02-08 09:25:00,-6,IND,515,BWI
2001-03-21 17:51:00,13,TPA,487,MSY
2001-01-28 16:00:00,-12,LAX,337,OAK
2001-02-02 08:07:00,0,ALB,288,BWI
2001-01-30 17:00:00,-3,HOU,677,ELP
2001-02-25 15:20:00,5,TUL,453,HOU
2001-01-13 13:40:00,1,STL,462,OKC
2001-03-16 09:45:00,-2,HOU,148,AUS
2001-01-31 17:02:00,5,OAK,337,LAX
2001-01-03 16:00:00,18,DTW,440,STL
2001-03-13 08:20:00,-2,BOI,335,RNO
2001-02-16 18:17:00,12,OAK,325,BUR
2001-02-28 09:20:00,67,PHX,304,SAN
2001-02-11 12:35:00,-3,SAN,367,TUS
2001-02-23 16:25:00,18,FLL,318,JAX
2001-01-04 12:40:00,-14,MCO,828,IND
2001-01-26 18:42:00,110,LAS,256,PHX
2001-02-16 18:45:00,-8,PDX,1481,MCI
2001-03-30 10:10:00,-5,SAT,192,HOU
2001-02-21 06:30:00,-2,BWI,281,BUF
2001-01-10 13:15:00,-2,BUR,223,LAS
2001-01-27 23:28:00,140,ONT,325,PHX
2001-02-18 19:35:00,2,AUS,189,DAL
2001-01-28 12:00:00,-3,SDF,495,BWI
2001-03-09 07:30:00,-9,HOU,1020,PHX
2001-01-30 08:10:00,39,PHX,1999,BWI
2001-01-10 10:25:00,-3,TUL,237,DAL
2001-01-23 12:20:00,2,OAK,407,LAS
2001-03-04 11:05:00,-18,SEA,564,RNO
2001-01-09 20:20:00,-4,BNA,395,MDW
2001-03-12 08:21:00,4,LAS,1588,BNA
2001-01-29 07:15:00,-18,BWI,515,IND
2001-03-15 17:40:00,25,DAL,237,TUL
2001-02-07 10:23:00,6,SAT,192,HOU
2001-02-22 12:35:00,0,HOU,687,STL
2001-03-19 13:25:00,0,TPA,487,MSY
2001-02-26 17:00:00,-10,JAX,365,BHM
2001-02-10 09:55:00,-5,OAK,446,SAN
2001-01-23 16:15:00,6,SAN,480,SMF
2001-02-02 16:05:00,-1,MDW,765,ISP
2001-02-13 19:50:00,-5,DAL,437,MSY
2001-02-17 08:30:00,-7,SAN,417,SJC
2001-03-28 06:40:00,-10,PHX,601,RNO
2001-01-03 21:41:00,9,SAN,417,SJC
2001-02-25 20:55:00,-12,PBI,174,TPA
2001-01-03 06:30:00,13,PHX,621,SJC
2001-02-27 18:10:00,65,ABQ,934,STL
2001-03-27 19:24:00,24,SLC,1156,STL
2001-03-29 11:45:00,0,OAK,543,PDX
2001-01-25 10:25:00,-7,BWI,255,RDU
2001-03-24 09:09:00,0,HOU,937,MDW
2001-01-31 06:30:00,-7,ONT,361,OAK
2001-01-17 15:00:00,-3,OAK,337,LAX
2001-02-02 14:50:00,-14,ABQ,580,DAL
2001-01-11 19:55:00,-5,TPA,587,RDU
2001-01-16 14:45:00,-3,IND,688,JAX
2001-03-05 10:55:00,2,LAS,866,SEA
2001-02-23 14:16:00,250,MCI,223,TUL
2001-01-01 06:30:00,2,ELP,562,DAL
2001-03-04 17:00:00,34,MCO,178,FLL
2001-03-28 17:55:00,-5,PHX,347,ELP
2001-02-23 09:15:00,7,BHM,410,STL
2001-03-01 14:20:00,-6,MDW,570,BHM
2001-01-11 06:30:00,2,LAS,487,ABQ
2001-02-17 07:15:00,24,PHX,2277,PVD
2001-01-26 14:10:00,-2,ABQ,1180,SEA
2001-01-30 12:15:00,-2,OAK,446,SAN
2001-02-06 13:30:00,-5,PDX,279,GEG
2001-01-01 13:25:00,0,SJC,417,SAN
2001-03-06 07:05:00,-1,ABQ,677,LAX
2001-01-29 19:50:00,5,LAX,1363,MCI
2001-02-26 16:45:00,-5,STL,687,HOU
2001-02-11 18:45:00,0,LAS,256,PHX
2001-01-09 11:10:00,-19,SEA,399,BOI
2001-03-26 09:30:00,13,ONT,1751,BNA
2001-01-04 09:12:00,20,SDF,254,STL
2001-03-20 14:25:00,8,BWI,328,PVD
2001-02-17 09:55:00,0,BOI,291,SLC
2001-01-31 15:12:00,19,BWI,1246,HOU
2001-02-21 11:50:00,2,MDW,997,TPA
2001-02-28 08:00:00,-3,DAL,239,HOU
2001-02-25 16:43:00,10,MCI,405,MDW
2001-03-05 06:30:00,10,OAK,337,LAX
2001-02-15 14:25:00,15,ABQ,628,SAN
2001-01-20 08:00:00,-12,BWI,998,MSY
2001-01-09 16:36:00,10,LAX,451,TUS
2001-03-26 21:45:00,-1,MDW,395,BNA
2001-01-09 21:08:00,39,LAS,236,LAX
2001-01-13 16:04:00,0,SMF,358,BUR
2001-03-31 15:20:00,-4,LAS,487,ABQ
2001-02-28 13:05:00,-12,LAX,590,SLC
2001-03-12 09:35:00,-10,PDX,762,LAS
2001-01-08 07:05:00,3,SAN,258,LAS
2001-01-09 18:50:00,0,PHX,256,LAS
2001-03-14 08:45:00,-6,MCO,1142,MHT
2001-01-17 10:40:00,-1,RNO,188,SJC
2001-01-28 19:30:00,-5,AUS,294,MAF
2001-01-05 09:50:00,0,DAL,324,AMA
2001-03-31 07:55:00,-5,LAX,236,LAS
2001-03-07 19:05:00,37,SJC,417,SAN
2001-02-22 09:38:00,28,ABQ,934,STL
2001-01-14 11:20:00,-4,OAK,446,SAN
2001-02-01 21:55:00,-10,LAS,397,SMF
2001-02-11 12:20:00,7,PHX,1044,MCI
2001-03-24 15:42:00,5,FLL,197,TPA
2001-02-17 13:10:00,-8,HOU,677,ELP
2001-01-06 13:43:00,11,HOU,187,CRP
2001-03-17 18:50:00,-13,STL,342,OMA
2001-03-12 12:55:00,-15,AUS,872,PHX
2001-02-13 20:30:00,-4,CMH,284,MDW
2001-02-15 13:39:00,4,SEA,689,SLC
2001-03-19 09:50:00,-2,MSY,1301,PHX
2001-01-04 13:20:00,-12,HOU,677,ELP
2001-03-31 15:15:00,35,RDU,587,TPA
2001-02-04 08:50:00,-3,ISP,220,BWI
2001-02-01 21:28:00,40,TPA,842,BWI
2001-01-09 13:50:00,-2,MSY,303,HOU
2001-01-16 16:50:00,42,BNA,616,MCO
2001-03-11 17:40:00,5,OAK,407,LAS
2001-03-03 07:05:00,0,BNA,457,DTW
2001-03-01 08:41:00,30,SAT,248,DAL
2001-03-30 16:00:00,-5,DAL,239,HOU
2001-02-21 21:12:00,35,CMH,410,STL
2001-02-06 06:10:00,4,SJC,188,RNO
2001-03-13 20:10:00,-15,LAX,714,ELP
2001-01-20 07:30:00,-9,PHX,370,LAX
2001-02-15 13:30:00,85,PHX,872,AUS
2001-01-16 13:20:00,32,MCI,1489,SEA
2001-02-05 13:55:00,-5,LAX,236,LAS
2001-03-22 22:15:00,0,FLL,197,TPA
2001-02-21 14:55:00,-11,ISP,220,BWI
2001-01-04 15:00:00,-9,SJC,188,RNO
2001-02-28 20:42:00,20,LAS,223,BUR
2001-03-10 09:28:00,14,LAS,407,OAK
2001-03-28 06:30:00,9,MSY,487,TPA
2001-01-28 08:20:00,-1,BNA,588,BWI
2001-03-30 16:38:00,3,LAX,1797,BNA
2001-01-04 17:50:00,18,OAK,671,SEA
2001-03-10 15:51:00,-3,AUS,189,DAL
2001-03-17 08:55:00,-8,JAX,859,ISP
2001-01-14 07:00:00,-5,MHT,377,BWI
2001-01-31 17:00:00,-7,ISP,220,BWI
2001-03-19 15:35:00,-5,SAN,258,LAS
2001-01-08 17:55:00,38,GEG,279,PDX
2001-03-26 19:15:00,52,DAL,189,AUS
2001-01-16 08:20:00,-15,LAX,1363,MCI
2001-03-27 09:20:00,-5,LAS,1295,LIT
2001-01-02 15:13:00,9,STL,229,IND
2001-01-12 11:37:00,22,ABQ,580,DAL
2001-03-06 16:52:00,8,AMA,324,DAL
2001-02-22 19:45:00,162,HOU,359,JAN
2001-03-07 14:45:00,9,BWI,1246,HOU
2001-03-13 15:16:00,117,MCO,478,BHM
2001-03-01 12:47:00,14,BHM,1455,PHX
2001-01-20 15:27:00,15,SAT,248,DAL
2001-01-22 09:25:00,0,BUR,358,SMF
2001-03-22 06:55:00,3,SNA,342,SJC
2001-02-22 22:15:00,0,ELP,528,AUS
2001-03-05 05:30:00,-3,LAX,236,LAS
2001-02-03 08:20:00,-3,AUS,872,PHX
2001-02-11 19:25:00,12,MCI,405,MDW
2001-02-10 11:30:00,22,TUS,451,LAX
2001-03-19 09:05:00,13,TPA,487,MSY
2001-03-15 11:30:00,0,CLE,487,STL
2001-03-02 14:13:00,7,BNA,616,MCO
2001-03-28 18:07:00,14,HOU,303,MSY
2001-03-07 13:50:00,-3,MCO,534,RDU
2001-02-28 12:05:00,1,OAK,325,BUR
2001-02-19 07:20:00,6,TUS,451,LAX
2001-01-23 11:10:00,-5,MCO,1073,PVD
2001-01-04 06:30:00,0,BWI,288,ALB
2001-03-25 12:48:00,35,SAT,1069,LAS
2001-02-11 21:02:00,8,ABQ,677,LAX
2001-02-27 12:05:00,0,MDW,307,CLE
2001-03-07 11:25:00,5,JAN,359,HOU
2001-01-19 08:35:00,-12,BWI,611,MDW
2001-02-07 06:20:00,-5,ONT,389,SMF
2001-02-09 16:27:00,6,MSY,303,HOU
2001-01-18 09:20:00,-1,BNA,588,BWI
2001-02-02 20:50:00,5,TPA,612,BNA
2001-03-17 16:25:00,5,SAN,304,PHX
2001-03-07 17:30:00,21,OMA,1099,LAS
2001-02-02 18:47:00,35,DAL,437,MSY
2001-01-30 16:20:00,-5,ONT,389,SMF
2001-01-06 15:02:00,11,PDX,1009,PHX
2001-02-04 09:05:00,0,HOU,192,SAT
2001-03-16 15:44:00,0,RNO,564,SEA
2001-01-01 20:20:00,-3,PHX,1044,MCI
2001-01-01 06:25:00,1,SDF,271,MDW
2001-03-04 19:20:00,0,PHX,935,TUL
2001-03-07 18:30:00,13,PHX,325,ONT
2001-02-19 12:05:00,-8,DAL,293,LBB
2001-03-19 16:00:00,-5,HOU,303,MSY
2001-03-23 19:40:00,-8,PVD,108,ISP
2001-02-21 17:45:00,-11,BWI,255,RDU
2001-01-29 11:15:00,20,JAN,666,MDW
2001-02-09 11:45:00,15,AUS,148,HOU
2001-03-21 17:25:00,-3,DAL,189,AUS
2001-03-28 19:04:00,38,LIT,296,DAL
2001-02-18 22:55:00,3,LAS,236,LAX
2001-03-07 18:50:00,-5,PDX,279,GEG
2001-01-13 10:13:00,10,DTW,229,MDW
2001-01-31 09:00:00,0,CMH,338,BNA
2001-01-08 08:40:00,-5,MHT,377,BWI
2001-02-01 12:19:00,4,OAK,446,SAN
2001-03-06 09:00:00,-5,ELP,246,MAF
2001-01-24 08:20:00,3,PHX,1044,MCI
2001-02-10 06:30:00,-13,SEA,399,BOI
2001-01-16 12:15:00,-5,MCO,616,BNA
2001-03-04 09:05:00,-2,ELP,528,AUS
2001-01-18 06:15:00,-5,DAL,562,ELP
2001-01-06 17:00:00,6,BNA,448,CLE
2001-03-30 21:50:00,-2,STL,687,HOU
2001-01-24 17:12:00,10,PHX,370,LAX
2001-01-10 17:43:00,43,RDU,443,BNA
2001-01-03 22:05:00,42,MCI,405,MDW
2001-03-04 06:25:00,-6,LAX,451,TUS
2001-02-28 14:43:00,55,ELP,584,LAS
2001-02-25 13:00:00,-5,STL,342,OMA
2001-01-30 19:25:00,5,MCI,405,MDW
2001-03-18 15:08:00,20,TPA,174,PBI
2001-01-13 14:08:00,6,ABQ,628,SAN
2001-02-12 10:30:00,-15,BWI,588,BNA
2001-02-06 17:59:00,-15,SAN,1599,MSY
2001-03-11 11:00:00,-2,OAK,337,LAX
2001-03-12 07:00:00,-5,OAK,361,ONT
2001-01-22 19:45:00,0,BDL,777,MDW
2001-01-18 07:45:00,-10,IND,1814,LAX
2001-03-12 18:55:00,-9,CLE,314,BWI
2001-01-10 06:15:00,-5,DTW,229,MDW
2001-03-30 13:35:00,-10,SMF,480,SAN
2001-02-26 10:45:00,0,GEG,287,BOI
2001-02-28 18:49:00,119,LAX,677,ABQ
2001-03-21 06:30:00,45,BUR,223,LAS
2001-03-20 20:55:00,123,SAN,304,PHX
2001-02-16 18:20:00,35,BUR,358,SMF
2001-03-29 20:50:00,-12,OKC,462,STL
2001-03-14 07:28:00,3,SAT,192,HOU
2001-01-22 17:20:00,0,AMA,277,ABQ
2001-02-19 13:40:00,8,ONT,197,LAS
2001-01-20 09:30:00,-20,SEA,671,OAK
2001-03-26 15:00:00,-2,MDW,271,SDF
2001-01-19 13:35:00,5,SFO,447,SAN
2001-01-15 11:16:00,7,PHX,256,LAS
2001-03-25 09:59:00,-3,TUS,365,LAS
2001-01-24 19:30:00,7,STL,237,MCI
2001-03-13 13:06:00,3,HOU,276,HRL
2001-01-13 15:10:00,-7,LAS,345,RNO
2001-02-03 10:20:00,0,BNA,443,RDU
2001-03-22 11:08:00,13,ELP,714,LAX
2001-02-08 12:00:00,-9,OAK,361,ONT
2001-03-31 15:25:00,0,MCI,405,MDW
2001-03-28 12:34:00,16,LAS,236,LAX
2001-01-29 06:20:00,-22,PHX,651,SFO
2001-01-27 18:15:00,-10,SNA,371,OAK
2001-02-16 10:05:00,-12,LAX,677,ABQ
2001-03-09 12:00:00,-3,HOU,239,DAL
2001-02-21 10:55:00,5,RNO,188,SJC
2001-01-04 17:42:00,17,MCO,178,FLL
2001-03-16 07:05:00,1,ABQ,677,LAX
2001-02-26 08:40:00,-9,LAS,1069,SAT
2001-01-20 12:20:00,-8,SAT,496,ELP
2001-01-26 13:00:00,30,STL,251,MDW
2001-03-13 09:40:00,-3,DAL,324,AMA
2001-01-21 09:05:00,3,RNO,444,PDX
2001-01-01 07:45:00,0,BWI,283,BDL
2001-03-24 17:05:00,0,RDU,443,BNA
2001-03-23 14:00:00,22,MAF,319,DAL
2001-02-12 21:04:00,14,BNA,670,HOU
2001-02-13 18:50:00,100,LBB,295,ELP
2001-03-25 12:10:00,4,BHM,323,SDF
2001-01-25 13:28:00,47,PHX,370,LAX
2001-02-25 09:45:00,-5,AMA,324,DAL
2001-02-20 17:44:00,9,MAF,319,DAL
2001-01-28 14:10:00,5,ABQ,277,AMA
2001-03-06 14:54:00,26,LAX,370,PHX
2001-03-21 10:45:00,49,SDF,271,MDW
2001-01-24 16:24:00,6,PHX,256,LAS
2001-02-28 09:30:00,0,BNA,670,HOU
2001-03-25 19:50:00,-2,BUR,223,LAS
2001-03-24 12:55:00,-10,LAS,345,RNO
2001-03-20 10:50:00,-10,MDW,229,DTW
2001-02-13 16:10:00,10,LAX,1363,MCI
2001-01-02 07:00:00,-5,LAS,256,PHX
2001-03-04 11:45:00,30,BNA,1797,LAX
2001-03-27 17:44:00,5,SJC,308,LAX
2001-03-27 16:00:00,5,HOU,303,MSY
2001-02-14 16:00:00,8,HOU,303,MSY
2001-01-24 08:20:00,3,BNA,588,BWI
2001-03-01 17:30:00,-5,LAS,256,PHX
2001-01-17 16:45:00,-6,LAS,256,PHX
2001-03-12 13:54:00,5,BWI,2106,LAS
2001-03-02 17:33:00,38,OAK,337,LAX
2001-01-19 21:22:00,55,SJC,417,SAN
2001-03-28 13:30:00,-5,MDW,395,BNA
2001-03-14 06:15:00,-7,DAL,239,HOU
2001-03-14 07:50:00,-7,MCI,1363,LAX
2001-02-28 20:00:00,-15,OAK,446,SAN
2001-01-09 14:35:00,0,SDF,254,STL
2001-01-11 11:35:00,137,LAS,487,ABQ
2001-03-16 06:55:00,-2,PVD,328,BWI
2001-03-16 16:35:00,15,RNO,564,SEA
2001-01-20 08:30:00,-8,DAL,580,ABQ
2001-01-15 17:40:00,-4,BWI,787,MCO
2001-03-31 17:45:00,5,RDU,904,MCI
2001-03-27 10:05:00,-6,DAL,181,OKC
2001-02-28 08:30:00,-10,HOU,687,STL
2001-03-29 11:25:00,-5,SAN,446,OAK
2001-03-23 06:40:00,-2,BNA,670,HOU
2001-03-01 17:37:00,3,HOU,303,MSY
2001-02-22 16:10:00,9,MDW,229,DTW
2001-03-01 06:30:00,12,BNA,588,BWI
2001-03-07 16:07:00,5,TUL,237,DAL
2001-03-09 17:05:00,30,LAS,256,PHX
2001-02-22 14:05:00,24,DAL,293,LBB
2001-03-25 14:25:00,-4,PHX,507,SLC
2001-01-08 07:55:00,5,JAN,587,MCO
2001-03-16 07:55:00,10,FLL,197,TPA
2001-03-31 18:10:00,-9,SJC,386,LAS
2001-01-02 08:30:00,-5,SJC,342,SNA
2001-03-24 15:15:00,5,LAS,1521,MDW
2001-01-15 12:25:00,-8,ISP,1034,TPA
2001-03-29 21:40:00,-10,PHX,328,ABQ
2001-03-03 18:25:00,47,OAK,180,RNO
2001-02-05 15:30:00,-10,BNA,395,MDW
2001-03-18 18:38:00,8,TPA,972,SAT
2001-01-05 08:15:00,-3,JAN,359,HOU
2001-02-08 08:50:00,-2,MDW,251,STL
2001-02-05 12:40:00,-8,HOU,759,ABQ
2001-01-04 12:10:00,-6,MCI,718,ABQ
2001-03-14 16:45:00,24,OAK,361,ONT
2001-03-28 11:55:00,9,SAN,1333,MCI
2001-01-14 18:10:00,0,ISP,108,PVD
2001-03-14 19:05:00,-8,LAX,677,ABQ
2001-03-01 22:35:00,135,SEA,866,LAS
2001-03-03 08:34:00,14,RNO,335,BOI
2001-02-24 13:48:00,72,STL,1262,PHX
2001-02-28 19:13:00,18,ELP,562,DAL
2001-02-12 13:08:00,5,BUR,369,PHX
2001-01-05 09:45:00,-10,BOI,520,LAS
2001-01-07 20:10:00,-8,SJC,417,SAN
2001-03-25 20:25:00,9,LAX,714,ELP
2001-02-08 11:10:00,-5,BOI,287,GEG
2001-01-01 12:38:00,31,OAK,361,ONT
2001-03-19 07:25:00,-2,LAX,308,SJC
2001-02-16 17:45:00,42,HOU,303,MSY
2001-03-21 06:30:00,-8,HOU,239,DAL
2001-01-11 16:18:00,34,ONT,325,PHX
2001-02-17 15:20:00,3,STL,880,MCO
2001-02-27 21:31:00,129,PHX,328,ABQ
2001-01-06 10:30:00,0,DAL,239,HOU
2001-03-12 14:20:00,0,MCO,178,FLL
2001-03-01 08:42:00,4,ONT,361,OAK
2001-01-23 10:20:00,-9,BWI,377,MHT
2001-01-08 19:55:00,-5,BUR,325,OAK
2001-01-17 21:49:00,40,CRP,187,HOU
2001-02-22 07:20:00,-8,PVD,108,ISP
2001-01-08 09:41:00,23,MSY,471,BNA
2001-01-26 15:12:00,7,HOU,276,HRL
2001-02-02 10:00:00,-16,ABQ,1670,BWI
2001-01-16 08:20:00,-5,JAX,180,TPA
2001-02-16 15:09:00,0,LAS,584,ELP
2001-02-28 18:15:00,219,LAS,256,PHX
2001-02-09 14:15:00,17,BNA,907,PVD
2001-02-12 13:55:00,-20,MCI,1333,SAN
2001-02-23 07:55:00,5,BDL,283,BWI
2001-02-20 07:00:00,5,OAK,361,ONT
2001-03-15 07:55:00,-1,MSY,321,BHM
2001-03-21 12:55:00,-5,FLL,1093,ISP
2001-01-01 19:48:00,18,BWI,967,MCI
2001-03-09 08:58:00,35,LAX,337,OAK
2001-03-06 16:49:00,13,HOU,239,DAL
2001-03-08 17:50:00,12,LAS,258,SAN
2001-01-04 14:42:00,-15,BHM,682,BWI
2001-02-14 12:40:00,48,STL,737,BWI
2001-02-11 15:25:00,35,TPA,1034,ISP
2001-03-26 16:20:00,-13,MCI,1072,MCO
2001-03-29 13:30:00,0,OAK,407,LAS
2001-02-07 08:45:00,4,SLC,588,OAK
2001-01-28 10:40:00,-8,SAN,446,OAK
2001-01-27 14:12:00,5,STL,254,SDF
2001-02-15 20:40:00,-2,MDW,395,BNA
2001-01-14 15:26:00,-2,TUL,453,HOU
2001-02-16 06:25:00,8,PHX,328,ABQ
2001-02-18 07:40:00,-13,MSY,303,HOU
2001-01-25 17:05:00,-10,STL,237,MCI
2001-03-21 14:12:00,55,MDW,307,CLE
2001-03-23 10:50:00,-1,SAN,446,OAK
2001-01-22 18:00:00,12,PHX,328,ABQ
2001-02-24 08:05:00,-9,PBI,174,TPA
2001-02-22 08:05:00,23,TUL,351,STL
2001-01-31 10:55:00,-10,SAT,248,DAL
2001-01-13 06:30:00,-5,SMF,389,ONT
2001-03-14 19:48:00,100,MAF,294,AUS
2001-03-08 20:19:00,42,DAL,296,LIT
2001-02-05 13:35:00,3,PBI,174,TPA
2001-01-25 19:32:00,14,MHT,377,BWI
2001-03-05 12:45:00,-5,TPA,487,MSY
2001-03-11 11:00:00,-15,STL,351,TUL
2001-01-09 09:25:00,-30,SEA,1489,MCI
2001-03-15 09:35:00,0,PVD,907,BNA
2001-03-20 17:30:00,0,LAS,368,SLC
2001-03-25 08:55:00,-7,BWI,588,BNA
2001-02-04 07:30:00,-5,STL,410,BHM
2001-01-05 11:25:00,2,TPA,197,FLL
2001-01-13 12:26:00,23,LAX,373,SMF
2001-01-16 17:49:00,0,LAS,1588,BNA
2001-03-25 11:40:00,-10,PHX,304,SAN
2001-03-08 13:00:00,103,RNO,601,PHX
2001-01-04 22:18:00,11,MDW,423,OMA
2001-02-24 16:10:00,10,HOU,303,MSY
2001-02-22 11:25:00,20,TPA,460,BHM
2001-03-20 17:20:00,-8,LAS,345,RNO
2001-03-09 22:45:00,105,PHX,370,LAX
2001-02-10 11:05:00,8,MDW,611,BWI
2001-02-12 20:45:00,0,PHX,256,LAS
2001-01-02 11:43:00,15,ONT,325,PHX
2001-03-21 22:53:00,13,SAN,304,PHX
2001-03-30 07:55:00,3,FLL,197,TPA
2001-01-28 11:23:00,20,ELP,223,ABQ
2001-02-27 18:49:00,65,MCO,880,STL
2001-02-25 17:20:00,-5,DAL,319,MAF
2001-03-11 19:35:00,35,HOU,239,DAL
2001-03-17 09:15:00,-7,SJC,308,LAX
2001-01-03 21:35:00,-8,BUR,223,LAS
2001-03-16 19:40:00,14,RNO,180,OAK
2001-02-17 18:00:00,5,OAK,446,SAN
2001-02-13 16:26:00,60,SAN,258,LAS
2001-02-04 10:55:00,-1,STL,687,HOU
2001-02-06 09:15:00,-9,PVD,1137,TPA
2001-02-26 12:11:00,1,ABQ,628,SAN
2001-01-08 21:00:00,-5,LAX,337,OAK
2001-02-19 20:20:00,-12,SEA,564,RNO
2001-01-11 15:40:00,30,SAN,446,OAK
2001-03-30 11:30:00,-9,ONT,325,PHX
2001-02-20 18:24:00,-6,MDW,405,MCI
2001-01-28 15:45:00,-4,LAS,256,PHX
2001-02-15 20:10:00,40,MCO,616,BNA
2001-03-24 10:10:00,0,MCI,223,TUL
2001-02-19 09:10:00,0,MCO,616,BNA
2001-03-22 10:05:00,-1,LAS,197,ONT
2001-03-07 19:54:00,14,AUS,189,DAL
2001-03-23 10:05:00,3,STL,229,IND
2001-03-11 11:35:00,-11,CLE,487,STL
2001-03-12 20:15:00,-5,DAL,248,SAT
2001-03-23 18:14:00,15,HOU,303,MSY
2001-03-14 11:05:00,-3,LAX,337,OAK
2001-03-06 11:45:00,-1,SNA,371,OAK
2001-02-08 18:45:00,61,MSY,303,HOU
2001-03-31 11:22:00,37,PBI,758,BNA
2001-03-13 12:10:00,-2,LAS,345,RNO
2001-03-08 14:30:00,0,HOU,687,STL
2001-03-09 14:25:00,-4,OAK,646,PHX
2001-01-31 17:54:00,5,BHM,321,MSY
2001-01-02 18:30:00,5,DAL,239,HOU
2001-02-21 11:05:00,-16,PVD,1073,MCO
2001-02-05 14:15:00,-11,CRP,187,HOU
2001-03-01 18:08:00,56,LAX,370,PHX
2001-01-09 20:00:00,-4,PHX,370,LAX
2001-02-13 11:30:00,23,AUS,341,LBB
2001-01-18 15:20:00,27,DAL,189,AUS
2001-03-29 17:04:00,0,STL,1262,PHX
2001-01-22 08:15:00,12,CMH,284,MDW
2001-01-22 08:20:00,-8,OAK,407,LAS
2001-01-12 13:20:00,5,PVD,1137,TPA
2001-03-08 07:00:00,-7,RNO,345,LAS
2001-01-12 19:08:00,44,TPA,460,BHM
2001-02-16 11:10:00,17,SJC,296,BUR
2001-03-09 16:06:00,-2,PVD,328,BWI
2001-03-08 08:20:00,-12,MDW,937,HOU
2001-03-20 10:55:00,10,TPA,460,BHM
2001-03-25 11:00:00,1,PHX,256,LAS
2001-01-10 20:49:00,-6,DTW,229,MDW
2001-03-25 18:27:00,5,MDW,229,DTW
2001-01-04 14:30:00,0,ABQ,328,PHX
2001-03-14 11:50:00,0,MSY,487,TPA
2001-03-08 16:30:00,41,OAK,646,PHX
2001-01-21 20:35:00,-5,PHX,646,OAK
2001-01-10 09:10:00,-7,MCI,1442,SMF
2001-01-17 09:10:00,-5,SNA,371,OAK
2001-02-14 08:10:00,-2,TPA,612,BNA
2001-02-14 07:05:00,7,ELP,223,ABQ
2001-01-26 20:20:00,120,LAS,236,LAX
2001-03-10 08:45:00,-13,BWI,737,STL
2001-02-16 22:05:00,34,ONT,389,SMF
2001-01-18 11:20:00,7,AUS,528,ELP
2001-01-21 12:20:00,13,LAX,373,SMF
2001-03-10 16:52:00,8,DAL,324,AMA
2001-03-29 14:00:00,10,MAF,332,ABQ
2001-03-18 17:50:00,-5,MCI,237,STL
2001-02-02 11:40:00,0,MCI,967,BWI
2001-02-02 17:00:00,-7,BWI,495,SDF
2001-03-09 16:15:00,0,FLL,197,TPA
2001-03-16 17:44:00,22,OAK,446,SAN
2001-01-03 16:02:00,101,SAN,447,SFO
2001-01-30 12:10:00,4,PHX,833,OKC
2001-03-10 15:15:00,7,ELP,677,HOU
2001-02-19 09:35:00,0,MAF,319,DAL
2001-01-16 18:30:00,-15,SMF,1442,MCI
2001-02-18 07:10:00,-10,GEG,806,LAS
2001-03-31 14:45:00,10,SAN,258,LAS
2001-02-21 06:05:00,-5,BOI,287,GEG
2001-01-13 17:25:00,10,MCO,550,MSY
2001-01-08 21:31:00,3,LAX,236,LAS
2001-02-06 17:35:00,32,MCI,967,BWI
2001-02-12 07:55:00,-5,SMF,358,BUR
2001-01-09 17:15:00,0,AUS,189,DAL
2001-03-12 21:25:00,5,MSY,487,TPA
2001-02-07 11:50:00,0,DAL,181,OKC
2001-01-03 07:58:00,7,BOI,344,PDX
2001-02-01 20:05:00,-5,PBI,142,MCO
2001-03-15 08:30:00,3,BWI,255,RDU
2001-02-28 20:20:00,30,SDF,271,MDW
2001-03-10 15:10:00,-1,FLL,178,MCO
2001-03-29 18:00:00,19,SJC,296,BUR
2001-02-06 15:30:00,-7,BWI,220,ISP
2001-01-27 13:30:00,-1,PDX,279,GEG
2001-02-21 08:15:00,5,MDW,307,CLE
2001-03-14 14:55:00,-2,LAS,223,BUR
2001-01-08 06:30:00,-10,SMF,389,ONT
2001-02-03 15:00:00,-2,SLC,919,MCI
2001-01-11 15:45:00,3,LAS,1099,OMA
2001-03-25 19:21:00,10,BDL,283,BWI
2001-02-12 19:49:00,-2,LAS,365,TUS
2001-02-27 11:55:00,-7,ISP,972,MCO
2001-03-22 07:35:00,-9,STL,440,DTW
2001-02-24 09:50:00,0,LAS,1501,MSY
2001-01-03 12:30:00,40,CLE,487,STL
2001-01-30 13:00:00,53,PHX,256,LAS
2001-03-16 11:38:00,3,PHX,328,ABQ
2001-03-28 06:30:00,-9,ELP,562,DAL
2001-03-14 10:20:00,-15,MCO,1552,ABQ
2001-02-08 06:20:00,-3,PHX,651,SFO
2001-01-05 11:50:00,0,MDW,997,TPA
2001-03-22 08:20:00,-8,ABQ,328,PHX
2001-01-08 19:30:00,-1,DAL,239,HOU
2001-01-21 21:10:00,-13,MCI,405,MDW
2001-02-06 18:10:00,-6,AUS,148,HOU
2001-01-08 17:35:00,-8,JAX,318,FLL
2001-02-25 17:40:00,37,SLC,368,LAS
2001-03-26 18:00:00,0,OAK,337,LAX
2001-01-10 14:38:00,0,PHX,1448,BNA
2001-02-16 09:45:00,0,JAX,663,BWI
2001-01-19 20:53:00,32,DAL,248,SAT
2001-03-20 11:20:00,5,JAN,359,HOU
2001-02-24 16:28:00,58,PHX,651,SFO
2001-01-09 19:35:00,31,CLE,307,MDW
2001-03-05 08:05:00,-8,PBI,174,TPA
2001-02-20 09:05:00,-1,LAS,368,SLC
2001-01-22 14:00:00,-1,SJC,308,LAX
2001-03-08 10:15:00,4,CRP,187,HOU
2001-02-19 18:35:00,20,JAX,688,IND
2001-03-10 12:10:00,-2,HOU,670,BNA
2001-02-26 11:45:00,-15,MDW,1444,PHX
2001-01-15 07:00:00,-5,AUS,148,HOU
2001-03-26 18:20:00,-4,ABQ,289,LBB
2001-02-14 08:15:00,-13,ABQ,677,LAX
2001-03-21 17:30:00,24,JAX,365,BHM
2001-03-24 18:15:00,-5,BNA,612,TPA
2001-01-29 14:05:00,-5,RNO,188,SJC
2001-02-04 21:05:00,2,DAL,580,ABQ
2001-02-26 11:25:00,-9,BNA,177,BHM
2001-01-15 12:52:00,-2,LAX,590,SLC
2001-01-25 10:41:00,8,HOU,239,DAL
2001-03-08 10:18:00,10,SNA,342,SJC
2001-01-24 19:20:00,-5,MAF,319,DAL
2001-02-26 06:55:00,-7,BWI,967,MCI
2001-03-19 10:30:00,-15,OAK,361,ONT
2001-03-24 14:00:00,14,SEA,671,OAK
2001-01-29 06:25:00,-7,BWI,377,MHT
2001-02-08 19:24:00,1,DAL,293,LBB
2001-03-31 09:20:00,-7,SDF,495,BWI
2001-01-15 13:35:00,-2,AUS,273,HRL
2001-03-19 08:10:00,-7,ONT,389,SMF
2001-02-12 17:45:00,14,MDW,423,OMA
2001-03-14 22:36:00,40,DAL,239,HOU
2001-01-02 06:30:00,8,BNA,177,BHM
2001-02-07 14:00:00,-18,BWI,1999,PHX
2001-03-03 08:38:00,-7,BWI,611,MDW
2001-02-18 17:55:00,0,DTW,440,STL
2001-01-01 10:52:00,8,SAT,192,HOU
2001-02-28 11:50:00,-5,STL,1156,SLC
2001-01-31 17:44:00,30,TPA,174,PBI
2001-03-08 22:48:00,97,RNO,188,SJC
2001-02-11 12:55:00,2,LAS,1069,SAT
2001-01-11 09:10:00,18,OAK,361,ONT
2001-01-31 20:25:00,-10,JAN,359,HOU
2001-01-26 16:14:00,8,PHX,304,SAN
2001-03-17 18:25:00,-9,MCI,666,HOU
2001-03-31 06:25:00,-7,LAS,258,SAN
2001-02-15 08:53:00,27,OAK,407,LAS
2001-01-03 12:20:00,0,HRL,273,AUS
2001-02-06 07:10:00,2,ABQ,677,LAX
2001-02-05 15:05:00,-5,CMH,410,STL
2001-03-07 08:20:00,-10,MCO,550,MSY
2001-03-02 17:20:00,-5,STL,229,IND
2001-02-18 10:20:00,-6,OKC,833,PHX
2001-02-28 10:36:00,66,PHX,1301,MSY
2001-03-09 16:08:00,9,PHX,304,SAN
2001-01-28 11:00:00,-10,SAN,636,ELP
2001-02-12 15:45:00,-5,LAS,256,PHX
2001-03-22 06:40:00,-4,OAK,446,SAN
2001-01-11 17:25:00,12,DAL,248,SAT
2001-02-08 12:45:00,0,TPA,1137,PVD
2001-03-02 11:05:00,0,PHX,369,BUR
2001-03-01 12:35:00,-3,IND,229,STL
2001-03-10 13:22:00,4,LAS,258,SAN
2001-01-11 10:25:00,-3,HOU,359,JAN
2001-02-15 15:30:00,0,BNA,395,MDW
2001-01-15 14:20:00,-1,PHX,507,SLC
2001-02-01 10:55:00,12,LAS,1588,BNA
2001-01-16 18:05:00,8,BUR,296,SJC
2001-01-17 15:06:00,90,GEG,224,SEA
2001-03-08 01:09:00,238,TPA,487,MSY
2001-03-06 14:55:00,-5,MDW,405,MCI
2001-02-22 08:05:00,5,PHX,1448,BNA
2001-03-22 17:08:00,0,LAX,370,PHX
2001-02-10 06:05:00,4,BOI,287,GEG
2001-03-13 20:13:00,9,SDF,495,BWI
2001-01-26 06:10:00,0,HOU,453,TUL
2001-02-26 13:35:00,0,SEA,671,OAK
2001-01-11 14:05:00,3,SAT,192,HOU
2001-02-01 09:05:00,-13,LAS,368,SLC
2001-02-21 12:10:00,0,BHM,323,SDF
2001-03-11 07:50:00,-19,BNA,1448,PHX
2001-01-09 19:26:00,19,HOU,239,DAL
2001-03-25 12:15:00,-5,MCO,616,BNA
2001-03-02 11:52:00,10,SMF,389,ONT
2001-01-29 19:15:00,21,HOU,1246,BWI
2001-02-18 17:53:00,26,TUL,935,PHX
2001-02-03 13:15:00,0,MCO,550,MSY
2001-02-01 20:24:00,33,SAT,822,BNA
2001-02-10 08:00:00,-1,OKC,181,DAL
2001-01-01 20:30:00,-2,SAN,417,SJC
2001-01-26 21:33:00,66,ONT,325,PHX
2001-02-04 12:15:00,-3,BNA,852,BDL
2001-01-09 16:05:00,10,MDW,405,MCI
2001-01-03 06:30:00,0,SMF,389,ONT
2001-03-11 08:45:00,-10,OAK,889,ABQ
2001-03-14 06:30:00,5,BHM,682,BWI
2001-03-21 10:50:00,-6,ONT,333,SJC
2001-03-13 06:50:00,-3,DAL,181,OKC
2001-03-01 07:55:00,0,PHX,325,ONT
2001-01-08 14:40:00,45,ELP,584,LAS
2001-01-22 12:35:00,9,RDU,255,BWI
2001-02-08 11:37:00,12,SLC,368,LAS
2001-01-13 15:25:00,0,PHX,369,BUR
2001-01-02 09:35:00,-16,TPA,1137,PVD
2001-01-02 11:35:00,31,CLE,307,MDW
2001-02-13 07:20:00,-5,PDX,479,SMF
2001-03-31 11:45:00,0,BNA,395,MDW
2001-02-17 09:15:00,-5,TUL,237,DAL
2001-03-30 16:25:00,20,LBB,341,AUS
2001-01-19 14:46:00,7,PHX,304,SAN
2001-02-21 22:00:00,23,OAK,337,LAX
2001-02-27 09:00:00,-5,ONT,361,OAK
2001-01-13 10:25:00,0,HOU,359,JAN
2001-01-05 15:56:00,8,BWI,588,BNA
2001-03-01 12:10:00,-3,MCI,237,STL
2001-01-16 19:23:00,13,SLC,493,ABQ
2001-03-21 12:00:00,-7,HOU,239,DAL
2001-02-18 12:11:00,5,SAT,1069,LAS
2001-01-04 20:50:00,0,MHT,377,BWI
2001-03-10 06:00:00,-13,LAX,337,OAK
2001-03-11 22:42:00,34,DAL,248,SAT
2001-01-24 13:25:00,5,CLE,448,BNA
2001-03-05 17:45:00,-5,HOU,192,SAT
2001-03-30 15:35:00,14,LAS,796,MAF
2001-02-02 12:50:00,14,PDX,344,BOI
2001-02-28 17:35:00,75,STL,351,TUL
2001-03-15 20:33:00,14,LAX,308,SJC
2001-03-23 14:44:00,70,SLC,368,LAS
2001-01-13 13:05:00,-2,JAX,180,TPA
2001-01-29 13:45:00,0,OMA,1037,PHX
2001-02-24 07:10:00,-17,LAS,866,SEA
2001-03-24 13:05:00,-10,LAX,590,SLC
2001-03-06 17:20:00,0,MCO,550,MSY
2001-02-25 20:20:00,-10,TUL,453,HOU
2001-02-06 13:00:00,-10,HOU,239,DAL
2001-02-09 14:30:00,30,OMA,1037,PHX
2001-03-09 07:00:00,-8,SJC,296,BUR
2001-02-13 16:51:00,51,GEG,287,BOI
2001-03-25 16:28:00,17,SAN,446,OAK
2001-03-09 07:25:00,-5,PHX,304,SAN
2001-03-07 08:15:00,3,AMA,324,DAL
2001-01-19 07:20:00,-7,PDX,479,SMF
2001-03-02 19:55:00,0,MSY,437,DAL
2001-01-18 11:30:00,25,ABQ,332,MAF
2001-01-26 06:30:00,0,PHX,872,AUS
2001-03-07 15:30:00,-1,LAS,368,SLC
2001-01-29 13:25:00,10,LIT,1136,PHX
2001-02-07 06:30:00,-1,BWI,255,RDU
2001-03-03 20:00:00,-5,OAK,337,LAX
2001-03-11 12:10:00,0,LAS,223,BUR
2001-01-10 11:08:00,115,LAS,407,OAK
2001-02-22 06:20:00,-9,PHX,621,SJC
2001-03-26 20:00:00,-5,DAL,239,HOU
2001-03-31 15:15:00,-7,SDF,254,STL
2001-03-30 21:23:00,5,MCI,313,OKC
2001-01-12 12:44:00,27,MDW,251,STL
2001-03-01 13:00:00,2,LAX,308,SJC
2001-03-06 12:45:00,-7,MCO,178,FLL
2001-02-19 08:05:00,4,BUR,358,SMF
2001-01-22 18:40:00,-10,AMA,324,DAL
2001-03-22 17:07:00,32,BHM,570,MDW
2001-01-26 15:05:00,19,LAS,584,ELP
2001-01-16 14:15:00,-10,MDW,229,DTW
2001-02-15 12:37:00,54,CLE,487,STL
2001-03-14 19:30:00,-13,LAX,370,PHX
2001-01-01 06:50:00,7,BNA,588,BWI
2001-01-01 16:15:00,35,JAX,318,FLL
2001-03-11 10:48:00,5,GEG,287,BOI
2001-01-29 21:16:00,21,IND,451,MCI
2001-01-30 10:41:00,25,SAT,192,HOU
2001-03-13 06:25:00,-9,BWI,314,CLE
2001-02-26 12:13:00,15,STL,737,BWI
2001-03-13 17:40:00,-14,LAS,1099,OMA
2001-02-06 12:10:00,-5,ONT,197,LAS
2001-03-28 18:00:00,22,LAS,2106,BWI
2001-01-22 18:55:00,-6,ELP,562,DAL
2001-02-28 06:20:00,1,SLC,291,BOI
2001-03-24 08:20:00,-2,JAX,180,TPA
2001-01-16 12:35:00,-5,IND,229,STL
2001-01-12 11:30:00,-20,AUS,1342,BWI
2001-02-14 07:00:00,2,AUS,148,HOU
2001-02-01 16:03:00,10,MAF,319,DAL
2001-02-07 10:40:00,-10,LAX,451,TUS
2001-03-23 07:10:00,-5,SMF,389,ONT
2001-02-20 09:27:00,6,SAN,446,OAK
2001-03-19 07:20:00,-7,MDW,632,RDU
2001-03-21 19:10:00,-7,RNO,444,PDX
2001-01-02 10:45:00,-5,OAK,325,BUR
2001-01-11 21:40:00,25,CLE,487,STL
2001-02-17 15:45:00,-7,AUS,189,DAL
2001-02-09 08:15:00,27,STL,251,MDW
2001-02-28 21:01:00,33,ELP,677,HOU
2001-03-20 14:15:00,-11,MCI,1048,TPA
2001-01-10 11:08:00,18,GEG,287,BOI
2001-02-21 07:51:00,15,AUS,189,DAL
2001-01-29 18:30:00,56,PVD,842,MDW
2001-01-25 09:10:00,-11,SAN,304,PHX
2001-02-13 08:22:00,12,DAL,237,TUL
2001-03-21 13:00:00,0,AUS,189,DAL
2001-02-15 11:25:00,-5,TPA,197,FLL
2001-01-28 09:18:00,2,PHX,347,ELP
2001-01-12 10:50:00,-7,MCI,919,SLC
2001-03-12 19:30:00,0,BNA,588,BWI
2001-02-22 19:43:00,20,LAX,337,OAK
2001-03-21 06:25:00,15,BWI,377,MHT
2001-01-26 15:25:00,-3,HOU,187,CRP
2001-03-03 11:49:00,17,ABQ,328,PHX
2001-02-01 09:05:00,-3,HOU,192,SAT
2001-03-30 09:00:00,-4,OKC,181,DAL
2001-02-13 12:25:00,9,MCI,237,STL
2001-01-15 12:38:00,28,SAN,258,LAS
2001-02-25 10:35:00,26,LAX,337,OAK
2001-01-29 10:55:00,0,LAS,256,PHX
2001-01-21 10:00:00,-5,LAS,365,TUS
2001-01-07 15:45:00,5,PDX,479,SMF
2001-01-14 16:29:00,12,ONT,389,SMF
2001-01-02 21:58:00,40,SMF,373,LAX
2001-02-26 21:05:00,-2,IAH,217,DAL
2001-03-08 19:55:00,35,DAL,293,LBB
2001-01-02 13:47:00,52,SAN,446,OAK
2001-02-18 16:25:00,-3,SJC,296,BUR
2001-03-13 08:39:00,9,BNA,1588,LAS
2001-03-02 19:00:00,-5,LAX,370,PHX
2001-02-13 13:45:00,2,HRL,276,HOU
2001-03-17 12:45:00,-4,MCO,178,FLL
2001-01-27 14:45:00,32,LAS,236,LAX
2001-03-27 19:30:00,-3,STL,237,MCI
2001-01-14 09:05:00,12,LIT,544,MDW
2001-01-15 18:50:00,-9,RNO,335,BOI
2001-01-03 07:00:00,-8,MSY,303,HOU
2001-01-21 10:14:00,0,ELP,636,SAN
2001-01-06 11:45:00,-2,OAK,371,SNA
2001-02-08 20:00:00,-2,OMA,423,MDW
2001-02-22 20:30:00,-5,SEA,866,LAS
2001-02-21 16:38:00,30,OAK,337,LAX
2001-03-13 07:00:00,4,BNA,457,DTW
2001-03-19 08:00:00,21,MCO,989,MDW
2001-01-18 17:45:00,-1,TPA,928,AUS
2001-02-01 13:45:00,-5,HOU,1235,LAS
2001-03-06 15:35:00,-13,MDW,611,BWI
2001-03-29 14:50:00,-1,OKC,313,MCI
2001-03-24 18:40:00,-4,BWI,888,JAN
2001-03-31 14:52:00,8,TPA,1034,ISP
2001-03-24 17:05:00,-8,PDX,543,OAK
2001-03-05 14:15:00,40,SJC,417,SAN
2001-03-22 22:01:00,31,PHX,325,ONT
2001-03-27 07:50:00,-8,TPA,174,PBI
2001-03-01 07:05:00,-7,ABQ,677,LAX
2001-03-11 08:00:00,-7,SNA,342,SJC
2001-01-19 20:35:00,-8,PHX,256,LAS
2001-01-17 17:45:00,2,TPA,197,FLL
2001-02-03 18:50:00,-4,BWI,283,BDL
2001-03-14 15:15:00,-7,SJC,386,LAS
2001-03-09 13:38:00,0,HOU,187,CRP
2001-01-15 21:00:00,67,HOU,239,DAL
2001-01-03 20:52:00,18,DAL,580,ABQ
2001-01-28 15:50:00,5,HOU,687,STL
2001-02-11 20:00:00,-9,MCI,718,ABQ
2001-01-21 13:17:00,4,PHX,370,LAX
2001-01-31 16:30:00,-15,BNA,756,AUS
2001-01-06 13:29:00,9,JAX,318,FLL
2001-03-18 10:20:00,9,SAT,1040,MCO
2001-03-02 13:40:00,-5,DAL,293,LBB
2001-01-04 08:29:00,7,PHX,1262,STL
2001-01-17 08:00:00,0,OMA,1037,PHX
2001-02-25 21:55:00,97,LAX,337,OAK
2001-03-31 10:40:00,-9,PVD,108,ISP
2001-03-14 18:10:00,2,ALB,288,BWI
2001-01-05 07:25:00,-3,BWI,281,BUF
2001-01-09 08:15:00,0,ABQ,677,LAX
2001-03-02 14:40:00,6,MDW,307,CLE
2001-03-28 20:27:00,4,SEA,399,BOI
2001-01-01 12:40:00,10,SFO,447,SAN
2001-01-06 07:00:00,-13,LAX,337,OAK
2001-03-07 11:40:00,-22,LAX,677,ABQ
2001-03-25 08:05:00,0,MCO,178,FLL
2001-01-10 14:35:00,-10,TUL,351,STL
2001-02-07 16:10:00,30,BWI,588,BNA
2001-02-16 11:30:00,13,LAS,197,ONT
2001-03-14 19:45:00,-6,TUL,351,STL
2001-02-10 11:05:00,8,AUS,1342,BWI
2001-01-23 11:10:00,-7,SMF,358,BUR
2001-01-23 16:12:00,24,SNA,371,OAK
2001-03-16 15:10:00,30,SDF,254,STL
2001-02-28 13:00:00,52,ELP,347,PHX
2001-03-30 11:45:00,-5,MAF,319,DAL
2001-01-10 17:45:00,62,SJC,308,LAX
2001-02-13 15:50:00,0,LAS,236,LAX
2001-03-28 19:00:00,7,SAT,192,HOU
2001-02-02 09:05:00,-8,DAL,296,LIT
2001-02-16 17:49:00,10,PVD,842,MDW
2001-03-21 21:50:00,-3,STL,687,HOU
2001-03-22 08:25:00,-2,RNO,335,BOI
2001-01-11 10:15:00,-8,PHX,1037,OMA
2001-02-07 10:46:00,16,PDX,543,OAK
2001-03-06 10:10:00,-1,SNA,342,SJC
2001-03-17 15:40:00,-5,RDU,534,MCO
2001-03-04 10:15:00,-1,STL,251,MDW
2001-01-18 20:20:00,2,HOU,187,CRP
2001-02-06 21:05:00,-10,IND,451,MCI
2001-02-18 20:29:00,3,PHX,304,SAN
2001-03-28 12:20:00,-10,RNO,345,LAS
2001-01-13 16:43:00,17,LAX,1797,BNA
2001-01-14 09:23:00,11,MDW,395,BNA
2001-03-18 13:45:00,-15,LAS,1140,MCI
2001-02-27 12:45:00,-3,BUR,358,SMF
2001-02-11 12:20:00,25,HOU,848,MCO
2001-02-28 21:03:00,117,RDU,443,BNA
2001-02-02 10:04:00,-1,TUS,365,LAS
2001-02-04 10:40:00,14,SEA,1180,ABQ
2001-02-27 16:05:00,0,LBB,341,AUS
2001-03-21 22:00:00,-5,LAS,1235,HOU
2001-02-11 12:55:00,42,PHX,256,LAS
2001-03-22 17:05:00,-25,STL,1156,SLC
2001-02-02 06:30:00,-7,OAK,337,LAX
2001-03-01 10:25:00,5,MCI,405,MDW
2001-03-07 06:05:00,-6,SAN,258,LAS
2001-02-21 19:15:00,0,MCO,178,FLL
2001-03-07 15:09:00,46,OAK,646,PHX
2001-02-28 19:10:00,90,ONT,325,PHX
2001-03-05 16:30:00,-2,MCO,178,FLL
2001-03-22 12:35:00,0,SDF,323,BHM
2001-02-11 17:05:00,5,MDW,251,STL
2001-01-15 08:20:00,4,ELP,562,DAL
2001-02-12 19:25:00,0,PHX,325,ONT
2001-03-06 07:05:00,0,SLC,507,PHX
2001-03-05 19:45:00,-7,BWI,314,CLE
2001-02-02 07:35:00,-8,DTW,229,MDW
2001-03-04 16:37:00,30,MDW,229,DTW
2001-02-11 12:25:00,0,LAX,714,ELP
2001-03-24 10:40:00,13,RNO,188,SJC
2001-03-19 08:25:00,-15,MDW,989,MCO
2001-02-28 09:30:00,-8,CLE,307,MDW
2001-03-24 17:23:00,62,DAL,239,HOU
2001-01-30 11:50:00,-4,ABQ,677,LAX
2001-03-12 17:25:00,-3,BHM,570,HOU
2001-01-11 22:02:00,30,HOU,192,SAT
2001-03-03 18:50:00,-5,MCO,142,PBI
2001-02-16 08:08:00,23,HRL,276,HOU
2001-01-11 18:15:00,7,TUS,321,ABQ
2001-03-26 06:40:00,-7,ELP,496,SAT
2001-01-03 09:22:00,11,ABQ,759,HOU
2001-02-19 09:15:00,0,TPA,197,FLL
2001-01-03 18:40:00,-3,PHX,651,SFO
2001-02-12 18:05:00,-2,BUR,325,OAK
2001-03-03 18:40:00,34,OAK,325,BUR
2001-01-04 22:00:00,-10,OAK,337,LAX
2001-01-10 20:10:00,0,PVD,328,BWI
2001-03-28 16:04:00,15,PHX,1009,PDX
2001-02-06 20:29:00,0,SEA,399,BOI
2001-03-07 16:20:00,-15,LAS,1624,SDF
2001-03-01 11:30:00,0,AUS,148,HOU
2001-03-13 17:57:00,102,FLL,178,MCO
2001-02-08 07:00:00,-7,AUS,148,HOU
2001-02-01 12:15:00,-5,SMF,397,LAS
2001-01-26 18:30:00,5,HOU,670,BNA
2001-02-21 06:30:00,-4,HOU,303,MSY
2001-03-28 12:40:00,-3,BNA,395,MDW
2001-01-10 09:30:00,-3,ABQ,328,PHX
2001-03-07 16:30:00,-10,LAX,1797,BNA
2001-03-19 13:04:00,2,HOU,239,DAL
2001-03-23 08:38:00,7,OMA,423,MDW
2001-03-01 06:45:00,10,RNO,390,LAX
2001-02-27 10:06:00,6,SLC,590,LAX
2001-01-16 17:30:00,0,MDW,842,PVD
2001-01-24 20:00:00,2,SMF,479,PDX
2001-01-29 08:00:00,10,HOU,239,DAL
2001-02-12 20:32:00,34,OAK,337,LAX
2001-03-31 15:50:00,0,RNO,1546,HOU
2001-01-23 08:00:00,-10,SAN,304,PHX
2001-02-10 15:15:00,11,RNO,188,SJC
2001-03-23 22:20:00,15,OAK,361,ONT
2001-03-29 14:48:00,11,PHX,304,SAN
2001-02-28 16:25:00,-2,MDW,284,CMH
2001-02-01 10:05:00,-20,LAX,677,ABQ
2001-01-23 14:05:00,-11,STL,254,SDF
2001-03-27 19:14:00,12,HOU,441,MAF
2001-02-19 17:07:00,7,OAK,543,PDX
2001-03-09 18:14:00,32,MDW,1521,LAS
2001-03-03 06:55:00,-10,BNA,1797,LAX
2001-02-21 11:40:00,-5,DAL,237,TUL
2001-03-28 19:10:00,-2,OAK,371,SNA
2001-03-15 17:49:00,14,SJC,342,SNA
2001-02-17 06:55:00,3,SNA,342,SJC
2001-01-01 13:20:00,9,BWI,588,BNA
2001-02-27 08:00:00,0,SMF,389,ONT
2001-03-15 11:53:00,14,PHX,304,SAN
2001-03-26 18:33:00,10,ONT,325,PHX
2001-02-28 17:00:00,47,LBB,293,DAL
2001-02-02 17:30:00,2,MCO,178,FLL
2001-03-16 08:41:00,-1,BUR,325,OAK
2001-03-25 12:20:00,-2,LBB,293,DAL
2001-01-29 15:28:00,43,MDW,307,CLE
2001-03-04 18:45:00,40,ELP,347,PHX
2001-02-16 20:20:00,57,MCO,616,BNA
2001-01-29 22:10:00,31,BOI,291,SLC
2001-02-24 14:20:00,-5,DAL,580,ABQ
2001-01-27 16:35:00,6,BNA,670,HOU
2001-03-26 16:49:00,4,MCI,405,MDW
2001-01-04 08:00:00,-11,AUS,148,HOU
2001-03-10 12:37:00,34,HOU,239,DAL
2001-01-20 15:21:00,16,FLL,178,MCO
2001-02-01 20:40:00,-5,ISP,108,PVD
2001-03-05 12:53:00,13,SAN,446,OAK
2001-01-18 09:10:00,-24,SAN,304,PHX
2001-01-19 14:35:00,0,BWI,682,BHM
2001-01-30 15:45:00,-12,BWI,495,SDF
2001-01-07 15:35:00,5,AUS,993,MCO
2001-02-09 21:42:00,30,OAK,371,SNA
2001-02-04 10:39:00,-4,PHX,325,ONT
2001-03-06 08:32:00,-8,SJC,386,LAS
2001-01-10 12:01:00,18,RDU,443,BNA
2001-02-20 11:55:00,-8,FLL,197,TPA
2001-01-07 18:39:00,27,SJC,417,SAN
2001-01-01 15:00:00,-5,CMH,410,STL
2001-02-09 19:35:00,30,BUR,223,LAS
2001-01-06 13:31:00,6,BOI,344,PDX
2001-02-01 20:55:00,-3,DAL,248,SAT
2001-02-10 11:35:00,-4,STL,934,ABQ
2001-02-27 08:00:00,9,STL,251,MDW
2001-03-28 07:45:00,0,ONT,333,SJC
2001-02-16 21:38:00,4,LAS,1140,MCI
2001-03-12 07:35:00,-11,SAT,843,PHX
2001-02-25 19:35:00,-4,MDW,937,HOU
2001-03-17 19:05:00,-8,BWI,663,JAX
2001-03-07 19:56:00,33,STL,237,MCI
2001-03-28 09:27:00,13,PVD,1073,MCO
2001-01-29 12:15:00,-4,BNA,803,ISP
2001-02-15 11:55:00,-4,SEA,605,SMF
2001-02-12 11:40:00,5,MDW,251,STL
2001-01-01 15:38:00,22,SAN,446,OAK
2001-01-13 11:30:00,-6,AUS,148,HOU
2001-01-05 17:35:00,12,PHX,647,SMF
2001-01-20 12:45:00,-15,MSY,1301,PHX
2001-01-20 19:10:00,-4,MDW,162,IND
2001-01-11 16:00:00,-5,DAL,248,SAT
2001-01-20 16:55:00,0,MSY,321,BHM
2001-02-14 06:25:00,-13,SFO,447,SAN
2001-02-26 09:40:00,5,OAK,325,BUR
2001-02-27 15:50:00,-18,OAK,543,PDX
2001-02-26 22:00:00,6,OKC,313,MCI
2001-01-29 18:35:00,3,ALB,1073,MCO
2001-03-05 11:15:00,-8,ONT,197,LAS
2001-02-05 12:10:00,19,PHX,325,ONT
2001-02-20 17:40:00,3,SJC,296,BUR
2001-01-24 13:35:00,-4,HOU,187,CRP
2001-02-17 07:30:00,-8,RDU,443,BNA
2001-03-01 10:50:00,-9,SJC,342,SNA
2001-01-26 15:30:00,93,SJC,308,LAX
2001-02-09 17:35:00,29,HOU,677,ELP
2001-02-15 17:25:00,-12,MCI,313,OKC
2001-01-28 17:40:00,-7,FLL,197,TPA
2001-01-23 11:30:00,-8,FLL,318,JAX
2001-02-24 14:48:00,28,TUL,223,MCI
2001-02-08 11:55:00,-7,STL,296,LIT
2001-01-29 15:55:00,-9,BNA,616,MCO
2001-02-27 20:14:00,58,MDW,251,STL
2001-01-20 10:41:00,-1,DAL,237,TUL
2001-01-24 07:15:00,10,LAS,386,SJC
2001-03-10 10:55:00,-11,BUR,369,PHX
2001-03-16 13:35:00,-3,MAF,319,DAL
2001-01-13 08:00:00,-10,SAT,1069,LAS
2001-01-02 20:30:00,23,DTW,229,MDW
2001-01-04 10:30:00,-1,BUF,281,BWI
2001-02-01 13:25:00,0,SJC,342,SNA
2001-03-06 08:35:00,0,SMF,480,SAN
2001-03-19 08:41:00,-2,BUR,325,OAK
2001-03-12 17:30:00,13,DAL,239,HOU
2001-01-21 19:15:00,13,LAS,345,RNO
2001-01-20 14:55:00,2,MDW,405,MCI
2001-03-27 18:37:00,5,HRL,233,SAT
2001-03-29 16:25:00,2,ONT,389,SMF
2001-03-12 17:38:00,7,ABQ,759,HOU
2001-03-07 17:46:00,30,CRP,187,HOU
2001-01-21 17:04:00,94,RDU,255,BWI
2001-02-04 16:20:00,0,LAX,236,LAS
2001-01-26 19:08:00,4,SAT,192,HOU
2001-02-21 22:00:00,0,LBB,293,DAL
2001-03-24 14:45:00,-15,MCO,1073,ALB
2001-03-12 14:00:00,0,HOU,239,DAL
2001-01-31 17:35:00,11,PHX,370,LAX
2001-02-12 08:45:00,2,MCI,313,OKC
2001-01-29 13:50:00,-7,LAS,1140,MCI
2001-02-22 18:45:00,-8,MCO,1073,PVD
2001-03-22 09:35:00,-3,PHX,647,SMF
2001-01-24 07:25:00,0,MCI,1489,OAK
2001-01-06 13:11:00,36,DAL,239,HOU
2001-02-28 19:06:00,-12,PDX,1481,MCI
2001-01-22 08:28:00,-10,SJC,621,PHX
2001-02-07 20:49:00,46,PBI,142,MCO
2001-01-29 10:25:00,40,SEA,671,OAK
2001-03-23 15:56:00,12,BWI,328,PVD
2001-03-03 09:45:00,-5,MSY,303,HOU
2001-03-09 11:00:00,-22,PHX,1912,BUF
2001-03-26 11:32:00,-2,BNA,1797,LAX
2001-01-16 10:10:00,0,LAS,386,SJC
2001-03-01 13:42:00,22,TUS,367,SAN
2001-02-15 06:30:00,-5,SAT,192,HOU
2001-02-13 20:08:00,78,LAX,1814,IND
2001-02-08 16:30:00,4,PDX,344,BOI
2001-03-25 18:03:00,66,SAN,446,OAK
2001-03-05 07:45:00,-1,LBB,293,DAL
2001-03-31 08:40:00,-12,MHT,377,BWI
2001-03-04 08:35:00,5,PHX,646,OAK
2001-01-26 18:15:00,29,BUR,358,SMF
2001-02-11 15:55:00,4,DAL,189,AUS
2001-01-29 16:05:00,7,MDW,765,ISP
2001-03-26 10:35:00,0,PHX,304,SAN
2001-01-18 17:22:00,17,SMF,480,SAN
2001-02-20 08:00:00,-3,ABQ,289,LBB
2001-03-19 19:40:00,0,MDW,937,HOU
2001-01-19 21:47:00,2,LAS,256,PHX
2001-02-14 15:45:00,-10,IAH,217,DAL
2001-03-02 20:30:00,3,HOU,239,DAL
2001-02-12 06:20:00,-6,BWI,283,BDL
2001-01-02 16:18:00,30,PHX,256,LAS
2001-02-05 06:20:00,-3,BWI,283,BDL
